tree
version=v4
num_class=1
num_tree_per_iteration=1
label_index=0
max_feature_idx=5
objective=lambdarank
feature_names=bm25 dense years skill_overlap quality intent_conf
feature_infos=[0:0.80000000000000004] [0.40100000000000002:1] [0:20] [0:2] [0.17499999999999999:0.46500000000000002] [0.5:0.80000000000000004]
tree_sizes=1221 1334 1729 1322 1322 1220 1215 1331 1211 1215 1216 1219 1847 1322 1325 1320 1327 1326 1325 1324 1326 1850 1327 1743 1560 1637 1440 1439 1632 1436 1436 1744 1437 1441 1444 1636 1335 1639 1331 1638 1332 1334 1767 1334 1453 1871 1450 1452 1649 1346 1456 1762 1343 1458 1656 1345 1458 1886 1348 1463 1658 1347 1464 1565 1569 1462 1446 1576 1451 1457 1784 1351 1675 1460 1672 1347 1342 1773 1787 1560 1678 1576 1564 1683 1688 1363 1566 1687 1689 1576 1571 1579 1572 1797 1572 1572 1573 1577 1573 1911

Tree=0
num_leaves=10
num_cat=0
split_feature=1 0 4 1 4 1 1 4 4
split_gain=18.6224 0.0250619 0.0229043 0.0360192 0.00347909 0.0388509 0.00322052 0.00314513 0.000496032
threshold=0.59950000000000003 1.0000000180025095e-35 0.32250000000000006 0.47950000000000004 0.34250000000000008 0.51150000000000018 0.46950000000000003 0.36250000000000004 0.30750000000000005
decision_type=2 2 2 2 2 2 2 2 2
left_child=1 2 6 7 -5 -6 -1 -4 -8
right_child=-2 -3 3 4 5 -7 8 -9 -10
leaf_value=-0.088721957796497691 0.084362188845340136 -0.099999999999999811 -0.087926876549708322 -0.07083545326065524 -0.061377267249565985 -0.091472642628236955 -0.096039651394370817 -0.09427752658649291 -0.093430863044233786
leaf_weight=0.31087508006021447 3.179359267000109 0.45667192968539883 0.45290886890143134 0.27955645136535168 0.19428111216984689 0.23934682784602046 0.38287432689685374 0.34230855572968721 0.34766289778053761
leaf_count=23 27 101 33 16 12 28 29 20 11
internal_value=3.2558e-10 -0.089213 -0.0872811 -0.0833435 -0.0751848 -0.0779888 -0.0929843 -0.0906606 -0.0947981
internal_weight=6.18585 3.00649 2.54981 1.5084 0.713184 0.433628 1.04141 0.795217 0.730537
internal_count=300 273 172 109 56 40 63 53 40
is_linear=0
shrinkage=0.05


Tree=1
num_leaves=11
num_cat=0
split_feature=3 0 4 4 1 4 1 4 4 1
split_gain=17.7845 0.0375772 0.0259767 0.0166162 0.015762 0.00788764 0.00346122 0.016314 2.88658e-15 4.44089e-16
threshold=1.0000000180025095e-35 1.0000000180025095e-35 0.31250000000000006 0.35750000000000004 0.48850000000000005 0.28250000000000003 0.44950000000000007 0.33750000000000008 0.34750000000000003 0.51350000000000018
decision_type=2 2 2 2 2 2 2 2 2 2
left_child=1 2 5 6 -5 -1 -4 -8 9 -3
right_child=-2 8 3 4 -6 -7 7 -9 -10 -11
leaf_value=-0.079091643218987803 0.031499343509981258 -0.091582438496944904 -0.070004050426976855 -0.074965379187636891 -0.087011842267247161 -0.087612582827715862 -0.078311214477899571 -0.068260764327351536 -0.091582429399767906 -0.091582435563105025
leaf_weight=0.47023008018732138 12.796989485621452 0.15559053048491467 0.72166441939771253 0.61029384471476056 0.48919638153165579 0.64291533455252647 0.97522322833538033 0.68904462270438671 0.20324604026973248 0.15803270787000656
leaf_count=26 26 33 21 28 24 21 29 23 39 30
internal_value=1.67938e-09 -0.0788001 -0.0773633 -0.0752396 -0.0803252 -0.0840131 -0.0728961 -0.0741501 -0.0915824 -0.0915824
internal_weight=17.9124 5.11544 4.59857 3.48542 1.09949 1.11315 2.38593 1.66427 0.516869 0.313623
internal_count=300 274 172 125 52 47 73 52 102 63
is_linear=0
shrinkage=0.05


Tree=2
num_leaves=15
num_cat=0
split_feature=4 0 4 0 4 0 4 1 4 1 1 1 1 1
split_gain=13.3617 8.19276 3.84687 2.89307 7.8784 0.301265 0.153501 0.0756273 0.0406475 0.0193065 0.0265503 0.00775199 0.00603838 0.0170586
threshold=0.36750000000000005 0.45000000000000007 0.23750000000000002 0.22500000000000003 0.37250000000000005 0.3665000000000001 0.40750000000000003 0.58450000000000013 0.31250000000000006 0.50850000000000006 0.53450000000000009 0.52600000000000013 0.46950000000000003 0.44750000000000006
decision_type=2 2 2 2 2 2 2 2 2 2 2 2 2 2
left_child=2 3 -1 4 -2 7 -6 8 11 12 -11 -4 13 -10
right_child=1 -3 5 -5 6 -7 -8 -9 9 10 -12 -13 -14 -15
leaf_value=0.015334318905577932 0.092570524444348587 -0.028808676969282205 -0.085183439798360641 0.094342281503564773 -0.076339002903823505 -0.098769227125625539 -0.042579796631231577 -0.051436188373647218 -0.06334292901527741 -0.08519587095765313 -0.065390802075200913 -0.075756208943159764 -0.061905780957015627 -0.07542543720487041
leaf_weight=1.433613166213038 2.0783886155113565 3.4947236441075802 0.6127896551042803 3.8176194131374359 0.78073547175154068 1.2533281147480009 0.59206911828368902 0.45845378190278996 0.67494945973157905 0.39079310931265343 0.29846287332475185 0.33853323012590408 0.47534770891070355 0.51504163444042206
leaf_count=10 6 9 38 18 34 21 13 14 33 18 29 17 23 17
internal_value=-2.6793e-09 0.0341032 -0.0568987 0.0643502 0.0311738 -0.0775365 -0.0617792 -0.0704672 -0.0731063 -0.0695822 -0.0766198 -0.0818287 -0.0666695 -0.0685724
internal_weight=17.2148 10.7635 6.45131 7.26881 3.45119 5.0177 1.3728 3.76437 3.30592 2.35459 0.689256 0.951323 1.66534 1.18999
internal_count=300 80 220 71 53 210 47 189 175 120 47 55 73 50
is_linear=0
shrinkage=0.05


Tree=3
num_leaves=11
num_cat=0
split_feature=1 1 4 4 4 1 4 4 1 1
split_gain=24.0116 0.0505887 0.0427907 0.0506667 0.0564569 0.0403294 0.0287861 0.00855598 0.00576613 0.00330397
threshold=0.59950000000000003 0.42150000000000004 0.31250000000000006 0.35750000000000004 0.33750000000000008 0.5375000000000002 0.38250000000000006 0.32750000000000007 0.47950000000000004 0.52600000000000013
decision_type=2 2 2 2 2 2 2 2 2 2
left_child=1 -1 9 4 5 7 -5 -4 -6 -3
right_child=-2 2 3 6 8 -7 -8 -9 -10 -11
leaf_value=-0.058434437816518171 0.056707272673699405 -0.082326048200284455 -0.072224994332191275 -0.082929468583400279 -0.061474495674007326 -0.060228762734610176 -0.067487688177301317 -0.080164999937364922 -0.054206755510418474 -0.077470586845286696
leaf_weight=0.66291321814060289 8.2549064233899099 0.88638864085078217 0.62018516287207626 1.0010459981858728 0.53728190436959244 0.52141874656081189 0.4320719689130782 0.74910276755690575 0.55464919656515121 0.57936394587159157
leaf_count=32 27 36 25 34 17 23 36 21 25 24
internal_value=7.93705e-10 -0.0715286 -0.0730044 -0.0705473 -0.0668348 -0.0720625 -0.0782739 -0.0765688 -0.0577828 -0.0804068
internal_weight=14.7993 6.54442 5.88151 4.41576 2.98264 1.89071 1.43312 1.36929 1.09193 1.46575
internal_count=300 273 241 181 111 69 70 46 42 60
is_linear=0
shrinkage=0.05


Tree=4
num_leaves=11
num_cat=0
split_feature=3 4 4 4 4 1 1 1 1 4
split_gain=18.8511 0.0429619 0.0556418 0.0414892 0.0386268 0.0494866 0.0258686 0.042722 0.00523648 0.00425678
threshold=1.0000000180025095e-35 0.31250000000000006 0.35750000000000004 0.38750000000000007 0.33750000000000008 0.46950000000000003 0.44750000000000006 0.49950000000000006 0.50850000000000006 0.28250000000000003
decision_type=2 2 2 2 2 2 2 2 2 2
left_child=1 9 4 8 6 -6 -3 -8 -4 -1
right_child=-2 2 3 -5 5 -7 7 -9 -10 -11
leaf_value=-0.071542419603572174 0.049266831929540289 -0.056345965005719624 -0.074613389562221549 -0.058365773266136393 -0.064991222244030269 -0.044019575483505394 -0.076832780773269077 -0.05941964586724513 -0.081482458242496933 -0.077379353055072625
leaf_weight=0.47099886089563259 8.1747909337282181 0.52637821808457408 0.53776331990957238 0.34766672924160946 0.54712107032537438 0.57896077260375023 0.81472849845886208 0.62051068618893623 0.57316184416413307 0.92737267166376114
leaf_count=30 26 19 27 39 18 29 24 33 18 37
internal_value=-4.69761e-10 -0.0677492 -0.0653918 -0.0734399 -0.06159 -0.0542089 -0.0658271 -0.0693044 -0.0781574 -0.0754134
internal_weight=14.1195 5.94466 4.54629 1.45859 3.0877 1.12608 1.96162 1.43524 1.11093 1.39837
internal_count=300 274 207 84 123 47 76 57 45 67
is_linear=0
shrinkage=0.05


Tree=5
num_leaves=10
num_cat=0
split_feature=3 4 0 4 1 1 4 1 4
split_gain=15.4517 0.0341803 0.0336406 0.0311334 0.033324 0.0174107 0.00433554 7.66992e-05 3.25989e-06
threshold=1.0000000180025095e-35 0.31250000000000006 1.0000000180025095e-35 0.35750000000000004 0.47950000000000004 0.48850000000000005 0.28250000000000003 0.52350000000000019 0.33250000000000007
decision_type=2 2 2 2 2 2 2 2 2
left_child=1 6 3 4 -3 -5 -1 8 -4
right_child=-2 2 7 5 -6 -7 -8 -9 -10
leaf_value=-0.068174598617067483 0.04368517628357102 -0.063171566036472573 -0.074526986592997058 -0.062378292304197537 -0.051606042450881788 -0.074652429135711545 -0.074311107312782052 -0.076013303202462967 -0.074926196951084059
leaf_weight=0.43613667413592228 8.1295956298708916 1.4450523629784591 0.1017940193414687 0.62327289953827836 1.094605505466461 0.53857572376728058 0.84647062048316002 0.26787686347961426 0.10276051238179207
leaf_count=30 26 37 15 28 36 24 37 32 35
internal_value=-1.38984e-09 -0.0650857 -0.062892 -0.0612883 -0.0581868 -0.068068 -0.0722245 -0.0754566 -0.0747275
internal_weight=13.5861 5.45655 4.17394 3.70151 2.53966 1.16185 1.28261 0.472431 0.204555
internal_count=300 274 207 125 73 52 67 82 50
is_linear=0
shrinkage=0.05


Tree=6
num_leaves=10
num_cat=0
split_feature=3 4 4 1 4 4 1 1 4
split_gain=12.8792 0.0273264 0.0328923 0.0296795 0.0401613 0.0247138 0.0152232 0.00839701 0.00526346
threshold=1.0000000180025095e-35 0.31250000000000006 0.35750000000000004 0.47950000000000004 0.33750000000000008 0.38750000000000007 0.44750000000000006 0.50850000000000006 0.28250000000000003
decision_type=2 2 2 2 2 2 2 2 2
left_child=1 8 3 6 -5 7 -3 -4 -1
right_child=-2 2 5 4 -6 -7 -8 -9 -10
leaf_value=-0.064536905022041444 0.039224857420657074 -0.056767118216354377 -0.066320999909140879 -0.058476058039188886 -0.039089542604322611 -0.054452324290646573 -0.066846433411689984 -0.075723928698084308 -0.071542887317922937
leaf_weight=0.4096178077161301 8.0711576715111732 0.73349370807409353 0.46999194845557191 0.71286313049495198 0.4272617194801569 0.29262511059641838 0.76564983278512955 0.47983647510409355 0.77588161081075668
leaf_count=30 26 31 27 40 25 39 27 18 37
internal_value=5.18767e-11 -0.062478 -0.0604489 -0.0572909 -0.051211 -0.0671571 -0.0619149 -0.0710712 -0.0691222
internal_weight=13.1384 5.06722 3.88172 2.63927 1.14012 1.24245 1.49914 0.949828 1.1855
internal_count=300 274 207 123 65 84 58 45 67
is_linear=0
shrinkage=0.05


Tree=7
num_leaves=11
num_cat=0
split_feature=1 0 4 4 1 1 4 4 1 4
split_gain=10.9582 0.0222149 0.0251098 0.0214279 0.0258631 0.0177763 0.006494 5.37868e-05 3.18622e-05 3.26634e-06
threshold=0.59950000000000003 1.0000000180025095e-35 0.31250000000000006 0.35750000000000004 0.47950000000000004 0.48850000000000005 0.28250000000000003 0.31250000000000006 0.52350000000000019 0.33250000000000007
decision_type=2 2 2 2 2 2 2 2 2 2
left_child=1 2 6 4 -4 -5 -1 -3 9 -9
right_child=-2 7 3 5 -6 -7 -8 8 -10 -11
leaf_value=-0.061194958109940314 0.035605690111644536 -0.069189262860144471 -0.059016034337613314 -0.057028992129022821 -0.048128379689490353 -0.070361560748698343 -0.069550348103718643 -0.069589516794170553 -0.07072925256020407 -0.07003845552471348
leaf_weight=0.38665839470923025 8.0159391425549966 0.13263484463095654 1.2603530846536166 0.54969939589500405 0.96160002425312985 0.45857047848403454 0.5834765899926424 0.080492977052927017 0.23190845549106598 0.081578433513641357
leaf_count=26 27 20 37 28 36 24 21 15 31 35
internal_value=-3.29296e-09 -0.0603797 -0.059166 -0.0570474 -0.0543042 -0.0630928 -0.0662202 -0.0700602 -0.0703534 -0.0698155
internal_weight=12.7429 4.72697 4.20036 3.23022 2.22195 1.00827 0.970135 0.526615 0.39398 0.162071
internal_count=300 273 172 125 73 52 47 101 81 50
is_linear=0
shrinkage=0.05


Tree=8
num_leaves=10
num_cat=0
split_feature=1 1 4 4 4 4 1 1 1
split_gain=9.40187 0.0226696 0.0286477 0.0271989 0.0499362 0.0196394 0.0148782 0.0112003 0.00522321
threshold=0.59950000000000003 0.42150000000000004 0.31250000000000006 0.35750000000000004 0.33750000000000008 0.38250000000000006 0.47950000000000004 0.49950000000000006 0.52600000000000013
decision_type=2 2 2 2 2 2 2 2 2
left_child=1 -1 8 4 7 -5 -6 -4 -3
right_child=-2 2 3 5 6 -7 -8 -9 -10
leaf_value=-0.047857010097698174 0.032548362993309037 -0.069959183932914434 -0.063330037089721417 -0.068398456541083424 -0.050662722875621458 -0.05270930714251925 -0.036494405450420979 -0.053654977796602936 -0.062426417804008753
leaf_weight=0.46593381837010373 7.9497065097093582 0.5872406326234344 0.8111325595527894 0.70238036662340153 0.36480811610817898 0.27857843227684498 0.37654047645628452 0.47389726154506207 0.37842393852770329
leaf_count=32 27 36 36 34 17 36 25 33 24
internal_value=2.28346e-10 -0.058291 -0.0595146 -0.0571087 -0.0538003 -0.063943 -0.0434665 -0.059762 -0.0670072
internal_weight=12.3886 4.43894 3.973 3.00734 2.02638 0.980959 0.741349 1.28503 0.965665
internal_count=300 273 241 181 111 70 42 69 60
is_linear=0
shrinkage=0.05


Tree=9
num_leaves=10
num_cat=0
split_feature=1 1 4 4 4 4 1 1 1
split_gain=8.19246 0.0270316 0.025369 0.0291762 0.0449661 0.016485 0.0108522 0.00839097 0.00542343
threshold=0.59950000000000003 0.42150000000000004 0.31250000000000006 0.35750000000000004 0.33750000000000008 0.38250000000000006 0.49950000000000006 0.47950000000000004 0.52600000000000013
decision_type=2 2 2 2 2 2 2 2 2
left_child=1 -1 8 4 6 -5 -4 -6 -3
right_child=-2 2 3 5 7 -7 -8 -9 -10
leaf_value=-0.045068812872295555 0.029955666165204078 -0.068534647187892317 -0.061701985141849894 -0.067232442214568686 -0.047699618600953599 -0.052359681530217354 -0.051873499126166449 -0.036743034109450963 -0.060575885225577365
leaf_weight=0.44742031395435322 7.8917712941765785 0.54396090842783484 0.75966171175241493 0.66287060454487789 0.34370870329439629 0.25915531255304813 0.4456002302467823 0.35546446219086647 0.35293891094624996
leaf_count=32 27 36 36 34 17 36 33 25 24
internal_value=1.08284e-09 -0.0566808 -0.0580762 -0.0557513 -0.0522166 -0.0630521 -0.0580683 -0.0421292 -0.0654028
internal_weight=12.0626 4.17078 3.72336 2.82646 1.90444 0.922026 1.20526 0.699173 0.8969
internal_count=300 273 241 181 111 70 69 42 60
is_linear=0
shrinkage=0.05


Tree=10
num_leaves=10
num_cat=0
split_feature=1 1 4 4 4 4 1 1 1
split_gain=7.22277 0.0215663 0.0220429 0.0259212 0.0391191 0.0161067 0.0092526 0.00628578 0.0055761
threshold=0.59950000000000003 0.42150000000000004 0.31250000000000006 0.35750000000000004 0.33750000000000008 0.38250000000000006 0.49950000000000006 0.47950000000000004 0.52600000000000013
decision_type=2 2 2 2 2 2 2 2 2
left_child=1 -1 8 4 6 -5 -4 -6 -3
right_child=-2 2 3 5 7 -7 -8 -9 -10
leaf_value=-0.04479807672852737 0.027704104791589447 -0.067126983021898651 -0.06023612752323744 -0.065850187816943392 -0.046419678311549695 -0.050648177538430816 -0.050865813168010844 -0.036682144240661733 -0.05877634410841473
leaf_weight=0.42402433976531062 7.8385320790112019 0.5049341116100553 0.70715765468776248 0.6247772704809903 0.32413192652165879 0.24162185378372669 0.41986866667866707 0.33912672102451324 0.33092456869781017
leaf_count=32 27 36 36 34 17 36 33 25 24
internal_value=-2.27066e-10 -0.0554464 -0.0567392 -0.0545111 -0.0510753 -0.0616106 -0.0567453 -0.0414408 -0.0638209
internal_weight=11.7551 3.91657 3.49254 2.65668 1.79028 0.866399 1.12703 0.663259 0.835859
internal_count=300 273 241 181 111 70 69 42 60
is_linear=0
shrinkage=0.05


Tree=11
num_leaves=10
num_cat=0
split_feature=1 1 4 4 4 4 1 1 1
split_gain=6.40741 0.0233304 0.0193359 0.0228423 0.0353101 0.0142468 0.00694513 0.00481097 0.00428168
threshold=0.59950000000000003 0.42150000000000004 0.31250000000000006 0.35750000000000004 0.33750000000000008 0.38250000000000006 0.49950000000000006 0.52600000000000013 0.47950000000000004
decision_type=2 2 2 2 2 2 2 2 2
left_child=1 -1 7 4 6 -5 -4 -3 -6
right_child=-2 2 3 5 8 -7 -8 -9 -10
leaf_value=-0.04301102425659057 0.025724123502093507 -0.065760678331575104 -0.058962136450657725 -0.064546419265240643 -0.045090454872962198 -0.049750781534377959 -0.05059574275713033 -0.057729161980533454 -0.036839199075104738
leaf_weight=0.40694372914731536 7.7811906449496746 0.47075647115707431 0.66085211932659171 0.58737887628376473 0.30697369016706932 0.22503469698131084 0.39710860699415207 0.30874275416135788 0.32228818722069263
leaf_count=32 27 36 36 34 17 36 33 24 25
internal_value=-1.55522e-09 -0.0543028 -0.0557041 -0.05356 -0.0502433 -0.0604481 -0.0558218 -0.0625796 -0.0408644
internal_weight=11.4673 3.68608 3.27914 2.49964 1.68722 0.812414 1.05796 0.779499 0.629262
internal_count=300 273 241 181 111 70 69 60 42
is_linear=0
shrinkage=0.05


Tree=12
num_leaves=16
num_cat=0
split_feature=4 0 0 0 4 1 1 1 4 4 1 4 4 1 4
split_gain=5.80008 3.51808 2.22333 1.07062 3.79122 0.125833 0.0208758 0.0252932 0.0139058 0.0133385 0.0125692 0.00993424 0.00749334 0.00364662 0.000414322
threshold=0.36750000000000005 0.45000000000000007 0.3665000000000001 0.22500000000000003 0.37250000000000005 0.7340000000000001 0.58450000000000013 0.43750000000000006 0.33750000000000008 0.34750000000000003 0.53850000000000009 0.33250000000000007 0.38750000000000007 0.46750000000000008 0.31250000000000006
decision_type=2 2 2 2 2 2 2 2 2 2 2 2 2 2 2
left_child=1 5 3 4 -2 6 7 11 10 -10 13 -1 -6 -9 -15
right_child=2 -3 -4 -5 12 -7 -8 8 9 -11 -12 -13 -14 14 -16
leaf_value=-0.038018385963355904 0.078843058268958974 0.083746947641274272 -0.012518856777240182 0.074383607323555839 -0.063172874525698808 -0.072894167571532026 -0.044149430714477397 -0.057552812567503289 -0.043647739279079084 -0.057799058720625955 -0.050625994265239949 -0.051327950191978444 -0.053660721738015907 -0.064935919816614854 -0.062615276725775784
leaf_weight=0.28391110710799772 1.2866859268397095 0.49905334413051594 2.0201572068035603 2.3036315478384495 0.40166903473436821 0.92417407035827626 0.6692308336496352 0.3457873519510033 0.34053916856646527 0.32584656402468681 0.32354298979043949 0.2769731730222702 0.42728968523442745 0.3711481336504221 0.39921975508332253
leaf_count=24 6 21 18 9 14 6 15 20 17 26 30 17 33 21 23
internal_value=-2.20419e-09 -0.0418549 0.0309352 0.0507991 0.0251191 -0.0565677 -0.0520451 -0.0540263 -0.0565392 -0.0505674 -0.0593033 -0.0445909 -0.0582698 -0.0618186 -0.0637333
internal_weight=11.1989 4.75943 6.43943 4.41928 2.11564 4.26037 3.3362 2.66697 2.10608 0.666386 1.4397 0.560884 0.828959 1.11616 0.770368
internal_count=300 220 80 62 53 199 193 178 137 43 94 41 47 64 44
is_linear=0
shrinkage=0.05


Tree=13
num_leaves=11
num_cat=0
split_feature=1 1 4 4 1 4 1 1 1 1
split_gain=6.21508 0.0194022 0.0237865 0.0805667 0.0263116 0.0150609 0.0139816 0.00312161 0.0029869 0.00278041
threshold=0.59950000000000003 0.42150000000000004 0.33750000000000008 0.35750000000000004 0.5505000000000001 0.38250000000000006 0.44750000000000006 0.47950000000000004 0.47950000000000004 0.53250000000000008
decision_type=2 2 2 2 2 2 2 2 2 2
left_child=1 -1 4 8 6 -5 -3 -8 -4 -9
right_child=-2 2 3 5 -6 -7 7 9 -10 -11
leaf_value=-0.041642514883150045 0.028727737048928531 -0.05025216294083578 -0.038936771229257781 -0.063619651724563117 -0.044627367328228244 -0.048488916534271273 -0.065448968621319187 -0.057838040759455249 -0.032181890063481544 -0.064237318970897406
leaf_weight=0.40214763768017325 6.6988952644169331 0.3003487661480907 0.32121855020523049 0.5613207221031189 0.34711888059973706 0.2326198648661375 0.47794884070754029 0.45182809047400951 0.33363110013306141 0.27187932282686234
leaf_count=32 27 26 17 34 32 36 21 35 25 15
internal_value=-2.87149e-09 -0.0520111 -0.0532754 -0.0484781 -0.0570341 -0.0591864 -0.0599013 -0.0623131 -0.0354953 -0.0602421
internal_weight=10.399 3.70006 3.29791 1.44879 1.84912 0.793941 1.50201 1.20166 0.65485 0.723707
internal_count=300 273 241 112 129 70 97 71 42 50
is_linear=0
shrinkage=0.05


Tree=14
num_leaves=11
num_cat=0
split_feature=1 1 4 4 1 4 1 1 1 1
split_gain=5.55485 0.0191634 0.0191902 0.0699863 0.022483 0.0138498 0.0100484 0.00282578 0.00244526 0.00253602
threshold=0.59950000000000003 0.42150000000000004 0.33750000000000008 0.35750000000000004 0.5505000000000001 0.38250000000000006 0.44750000000000006 0.47950000000000004 0.47950000000000004 0.53250000000000008
decision_type=2 2 2 2 2 2 2 2 2 2
left_child=1 -1 4 7 6 -5 -3 -4 -8 -10
right_child=-2 2 3 5 -6 -7 8 -9 9 -11
leaf_value=-0.040519041966862068 0.026911847830088494 -0.050125466007992628 -0.039024603690989895 -0.062580065458484282 -0.043987422050689458 -0.04759968468914369 -0.063550368412475217 -0.032299396845235494 -0.056424839211342663 -0.062755755293806031
leaf_weight=0.38561991974711451 6.6204692237079144 0.28129256516695056 0.30447921715676762 0.53174998238682747 0.32505954429507244 0.2173578292131424 0.44921167008578755 0.32072232477366924 0.42327687330543995 0.25257182121276855
leaf_count=32 27 26 17 34 32 36 21 25 35 15
internal_value=-4.94475e-10 -0.0510317 -0.052337 -0.0479255 -0.0558386 -0.0582334 -0.0585779 -0.0355746 -0.0606912 -0.0587908
internal_weight=10.1118 3.49134 3.10572 1.37431 1.73141 0.749108 1.40635 0.625202 1.12506 0.675849
internal_count=300 273 241 112 129 70 97 42 71 50
is_linear=0
shrinkage=0.05


Tree=15
num_leaves=11
num_cat=0
split_feature=1 1 4 4 1 4 1 1 1 1
split_gain=4.99869 0.0193096 0.0158183 0.0669206 0.0212668 0.0148739 0.00675689 0.00407594 0.0027413 0.00222388
threshold=0.59950000000000003 0.42150000000000004 0.33750000000000008 0.35750000000000004 0.5505000000000001 0.38250000000000006 0.46550000000000008 0.47950000000000004 0.47950000000000004 0.53250000000000008
decision_type=2 2 2 2 2 2 2 2 2 2
left_child=1 -1 4 8 6 -5 -3 -8 -4 -9
right_child=-2 2 3 5 -6 -7 7 9 -10 -11
leaf_value=-0.039484794701295831 0.025257400469912872 -0.052102439460465014 -0.038735316197125946 -0.06267034056314251 -0.043181294815870783 -0.04664429937845032 -0.06477755910671415 -0.055431770510129534 -0.031956258190037015 -0.061577039940792867
leaf_weight=0.3666459005326036 6.5482704788446426 0.3786949906498196 0.28932786919176556 0.49801085330545902 0.310388933867216 0.20412337221205235 0.30379765667021275 0.39444608241319656 0.30775011330842972 0.2348900455981493
leaf_count=32 27 33 17 34 32 36 14 35 25 15
internal_value=2.41276e-09 -0.0503006 -0.051658 -0.0475469 -0.0549506 -0.0580113 -0.0577353 -0.0600213 -0.0352412 -0.0577254
internal_weight=9.83635 3.28808 2.92143 1.29921 1.62222 0.702134 1.31183 0.933134 0.597078 0.629336
internal_count=300 273 241 112 129 70 97 64 42 50
is_linear=0
shrinkage=0.05


Tree=16
num_leaves=11
num_cat=0
split_feature=1 1 4 4 1 4 1 1 1 1
split_gain=4.51211 0.0181318 0.0146555 0.0574147 0.0162363 0.0136704 0.00913053 0.00445003 0.00275243 0.00205239
threshold=0.59950000000000003 0.42150000000000004 0.33750000000000008 0.35750000000000004 0.5505000000000001 0.38250000000000006 0.44950000000000007 0.47950000000000004 0.47950000000000004 0.53250000000000008
decision_type=2 2 2 2 2 2 2 2 2 2
left_child=1 -1 4 8 6 -5 -3 -8 -4 -9
right_child=-2 2 3 5 -6 -7 7 9 -10 -11
leaf_value=-0.038917922324006086 0.02374127046322674 -0.048531848733797844 -0.038903634042762369 -0.061582037731822817 -0.043642551557885434 -0.045719090354794156 -0.063287639887886049 -0.054043872451889623 -0.03194832198784784 -0.060140739542767274
leaf_weight=0.35115300118923221 6.4769267477095127 0.26346462685614846 0.27447318844497182 0.46749472990632057 0.29076591879129399 0.19143150001764297 0.37556180264800787 0.36908634845167398 0.29524576663970947 0.22049798630177975
leaf_count=32 27 27 17 34 32 36 20 35 25 15
internal_value=-1.94434e-09 -0.0496166 -0.0509837 -0.0469232 -0.0542672 -0.0569735 -0.0567817 -0.0590337 -0.0352992 -0.056324
internal_weight=9.5761 3.09917 2.74802 1.22865 1.51938 0.658926 1.22861 0.965146 0.569719 0.589584
internal_count=300 273 241 112 129 70 97 70 42 50
is_linear=0
shrinkage=0.05


Tree=17
num_leaves=11
num_cat=0
split_feature=1 1 4 4 1 1 4 1 1 1
split_gain=4.07415 0.018084 0.0140732 0.0534467 0.0112419 0.0122474 0.00976592 0.00607497 0.00219235 0.00177478
threshold=0.59950000000000003 0.42150000000000004 0.33750000000000008 0.35750000000000004 0.5505000000000001 0.44950000000000007 0.38250000000000006 0.47950000000000004 0.53250000000000008 0.47950000000000004
decision_type=2 2 2 2 2 2 2 2 2 2
left_child=1 -1 4 9 5 -3 -5 -7 -9 -4
right_child=-2 2 3 6 -6 7 -8 8 -10 -11
leaf_value=-0.037925278234363848 0.022344313970936301 -0.04593842901540432 -0.037704222359701646 -0.060154879230450237 -0.044427316714754701 -0.06358292621230012 -0.046310934627978056 -0.052733015778123352 -0.059219665561382417 -0.031986393532562704
leaf_weight=0.33619689010083709 6.403983898460865 0.25022018421441339 0.26041058264672734 0.44373976904898882 0.27170060575008381 0.35102119576185942 0.17868725210428238 0.34562356863170862 0.20904463157057762 0.28341661766171455
leaf_count=32 27 27 17 34 32 20 36 35 15 25
internal_value=-6.04635e-10 -0.0488361 -0.0502502 -0.0461755 -0.053579 -0.0557301 -0.0561805 -0.0584354 -0.0551777 -0.0347244
internal_weight=9.33405 2.93006 2.59386 1.16625 1.42761 1.15591 0.622427 0.905689 0.554668 0.543827
internal_count=300 273 241 112 129 97 70 70 50 42
is_linear=0
shrinkage=0.05


Tree=18
num_leaves=11
num_cat=0
split_feature=1 1 4 4 1 4 4 4 1 1
split_gain=3.68737 0.0171294 0.015214 0.0399185 0.0172226 0.014892 0.0125092 0.00532411 0.00378276 0.00294941
threshold=0.59950000000000003 0.44750000000000006 0.33750000000000008 0.35750000000000004 0.53850000000000009 0.34250000000000008 0.37750000000000006 0.31750000000000006 0.47950000000000004 0.43050000000000005
decision_type=2 2 2 2 2 2 2 2 2 2
left_child=1 5 4 -4 8 9 -5 -6 -3 -1
right_child=-2 2 3 6 7 -7 -8 -9 -10 -11
leaf_value=-0.031692154680866891 0.021054811316644658 -0.062622579321458968 -0.034535012633222562 -0.06173298438223046 -0.051422787582413525 -0.049307643750838057 -0.044197816331986405 -0.03957046916670192 -0.055466084130716811 -0.040149852811117465
leaf_weight=0.23657977767288718 6.3335689529776573 0.34655792824924014 0.42334317415952671 0.30328396894037724 0.19671124219894409 0.35371319856494665 0.15302250254899263 0.18280003406107426 0.39523487724363804 0.18266943655908108
leaf_count=21 27 21 35 24 22 31 36 21 39 23
internal_value=9.10864e-10 -0.0480736 -0.0505156 -0.0455932 -0.0543772 -0.0417519 -0.0558526 -0.0457139 -0.0588095 -0.0353772
internal_weight=9.10749 2.77392 2.00095 0.87965 1.1213 0.772962 0.456306 0.379511 0.741793 0.419249
internal_count=300 273 198 95 103 75 60 43 60 44
is_linear=0
shrinkage=0.05


Tree=19
num_leaves=11
num_cat=0
split_feature=1 1 4 4 1 4 1 1 1 1
split_gain=3.35582 0.0167475 0.0118273 0.0455733 0.010626 0.0101398 0.0075044 0.0052245 0.00151746 0.00150627
threshold=0.59950000000000003 0.42150000000000004 0.33750000000000008 0.35750000000000004 0.5505000000000001 0.38250000000000006 0.44950000000000007 0.47950000000000004 0.53250000000000008 0.47950000000000004
decision_type=2 2 2 2 2 2 2 2 2 2
left_child=1 -1 4 9 6 -5 -3 -8 -9 -4
right_child=-2 2 3 5 -6 -7 7 8 -10 -11
leaf_value=-0.036579546396761968 0.019852816810514082 -0.046361055920883736 -0.036986251081523092 -0.059168290131082761 -0.042809239104482498 -0.044226325018946543 -0.061847375739316826 -0.051356738111165735 -0.057120852082857776 -0.031476398101029299
leaf_weight=0.3080443944782022 6.2713429816067219 0.2214256199076774 0.23576960433274485 0.39827174786478281 0.24022282380610693 0.15881716925650835 0.30937985889613628 0.30223768297582865 0.18350665643811226 0.26174934580922127
leaf_count=32 27 27 17 34 32 36 20 35 15 25
internal_value=-3.5609e-09 -0.047531 -0.0489905 -0.0450861 -0.0522669 -0.0549086 -0.0545019 -0.0567689 -0.0535343 -0.0340875
internal_weight=8.89077 2.61942 2.31138 1.05461 1.25677 0.557089 1.01655 0.795124 0.485744 0.497519
internal_count=300 273 241 112 129 70 97 70 50 42
is_linear=0
shrinkage=0.05


Tree=20
num_leaves=11
num_cat=0
split_feature=1 1 4 4 4 1 1 1 4 1
split_gain=3.05385 0.0161309 0.010837 0.0430776 0.0101478 0.00966153 0.00768345 0.00409722 0.00139817 0.00117163
threshold=0.59950000000000003 0.42150000000000004 0.33750000000000008 0.35750000000000004 0.38250000000000006 0.5505000000000001 0.44950000000000007 0.47950000000000004 0.31750000000000006 0.47950000000000004
decision_type=2 2 2 2 2 2 2 2 2 2
left_child=1 -1 5 9 -5 6 -3 -8 -9 -4
right_child=-2 2 3 4 -6 -7 7 8 -10 -11
leaf_value=-0.035923385302003043 0.018741572571483792 -0.045332147386928895 -0.036275681462329533 -0.058798348522311465 -0.043402407591474901 -0.042320733729305636 -0.060807522313433053 -0.055641995149441084 -0.05006213781934557 -0.031309413840906714
leaf_weight=0.29577805195003781 6.2075731679797173 0.20924319140613101 0.22483677230775334 0.37569682393223047 0.14966603275388479 0.22662848047912121 0.29106604401022196 0.25836750958114862 0.19853649381548166 0.25172142498195171
leaf_count=32 27 27 17 34 36 32 20 28 22 25
internal_value=-2.18887e-09 -0.046882 -0.048365 -0.044538 -0.0544123 -0.0516038 -0.0538017 -0.056171 -0.0532174 -0.0336525
internal_weight=8.68911 2.48154 2.18576 1.00192 0.525363 1.18384 0.957213 0.74797 0.456904 0.476558
internal_count=300 273 241 112 70 129 97 70 50 42
is_linear=0
shrinkage=0.05


Tree=21
num_leaves=16
num_cat=0
split_feature=4 0 0 0 4 4 1 1 4 4 1 1 4 4 1
split_gain=2.84954 3.41882 1.71729 0.845987 2.64979 0.427206 0.26789 0.0167354 0.0139626 0.0184996 0.0132231 0.00216288 0.00190138 0.00151102 0.000849937
threshold=0.36750000000000005 0.45000000000000007 0.45000000000000007 0.22500000000000003 0.37250000000000005 0.23750000000000002 0.7340000000000001 0.43850000000000006 0.33750000000000008 0.34750000000000003 0.53850000000000009 0.46750000000000008 0.39250000000000007 0.32750000000000007 0.48850000000000005
decision_type=2 2 2 2 2 2 2 2 2 2 2 2 2 2 2
left_child=2 3 5 4 -2 -1 7 13 10 -10 11 -9 -6 -7 -13
right_child=1 -3 -4 -5 12 6 -8 8 9 -11 -12 14 -14 -15 -16
leaf_value=-0.0083800391829682054 0.074367339875726107 -0.044220458224415296 0.076872064969530446 0.070664203234955592 -0.052841506550347375 -0.034306964632440852 -0.083940108008800612 -0.05118098334134779 -0.033157301515242467 -0.051918529238000992 -0.043420869819771564 -0.060093319379483902 -0.058239582356992198 -0.040159405650518287 -0.055822534786357569
leaf_weight=0.61635098233819086 0.98283773474395297 1.3396215476095674 0.31378581374883641 2.0312889264896512 0.35750034172087908 0.22240185644477639 0.60130667686462391 0.18325287941843249 0.28761195112019777 0.24191381596028805 0.31868026964366436 0.19650847371667624 0.30003837868571281 0.21878788154572248 0.28611175622791052
leaf_count=7 6 9 21 18 17 25 4 17 19 28 38 14 30 18 29
internal_value=3.55904e-09 0.0241508 -0.0347109 0.0490964 0.0223888 -0.0457458 -0.0547541 -0.0457785 -0.0482756 -0.0417284 -0.0517969 -0.0558055 -0.0553047 -0.0372092 -0.0575615
internal_weight=8.498 5.01129 3.48671 3.67167 1.64038 3.17293 2.55658 1.95527 1.51408 0.529526 0.984553 0.665873 0.657539 0.44119 0.48262
internal_count=300 80 220 71 53 199 192 188 145 47 98 60 47 43 43
is_linear=0
shrinkage=0.05


Tree=22
num_leaves=11
num_cat=0
split_feature=1 1 4 4 4 1 1 4 1 1
split_gain=2.85804 0.0127065 0.0133171 0.051647 0.0117593 0.007791 0.00980721 0.00293708 0.00192084 0.00119215
threshold=0.59950000000000003 0.42150000000000004 0.33750000000000008 0.35750000000000004 0.38250000000000006 0.53850000000000009 0.44750000000000006 0.31750000000000006 0.47950000000000004 0.47950000000000004
decision_type=2 2 2 2 2 2 2 2 2 2
left_child=1 -1 5 9 -5 6 -3 -7 -8 -4
right_child=-2 2 3 4 -6 7 8 -9 -10 -11
leaf_value=-0.03536886024545529 0.020264087358181526 -0.043047230402870694 -0.033062591611634135 -0.058279965370993461 -0.041480721940054893 -0.048417679699747168 -0.058906342129854398 -0.038936421853719275 -0.053351780237926132 -0.028015297736116964
leaf_weight=0.28376451414078507 5.3774751797318459 0.19311615359038137 0.22144122142344702 0.35985690914094448 0.14660985302180052 0.16645560320466757 0.29118249844759703 0.1603833232074976 0.33437417075037956 0.24802966322749853
leaf_count=32 27 26 17 34 36 22 21 21 39 25
internal_value=9.71725e-10 -0.0453056 -0.0466347 -0.0423428 -0.053417 -0.0502912 -0.0528967 -0.0437651 -0.0559373 -0.030396
internal_weight=7.78269 2.40521 2.12145 0.975938 0.506467 1.14551 0.818673 0.326839 0.625557 0.469471
internal_count=300 273 241 112 70 129 86 43 60 42
is_linear=0
shrinkage=0.05


Tree=23
num_leaves=15
num_cat=0
split_feature=4 0 4 0 4 0 0 1 4 1 2 1 4 4
split_gain=2.72004 2.07538 0.909651 0.690223 2.12534 0.178447 0.0217014 0.0173679 0.0180603 0.01162 0.000845275 0.000761363 0.000555045 9.68683e-06
threshold=0.36750000000000005 0.45000000000000007 0.23750000000000002 0.22500000000000003 0.37250000000000005 0.3665000000000001 1.0000000180025095e-35 0.43850000000000006 0.33750000000000008 0.53850000000000009 3.5000000000000004 0.48250000000000004 0.39250000000000007 0.33250000000000007
decision_type=2 2 2 2 2 2 2 2 2 2 2 2 2 2
left_child=2 3 -1 4 -2 6 7 -4 9 11 -8 -9 -6 -12
right_child=1 -3 5 -5 12 -7 10 8 -10 -11 13 -13 -14 -15
leaf_value=0.011536984449478359 0.069635446150933755 -0.031762093441578286 -0.033681874535049901 0.06695009684634555 -0.050122763529717819 -0.082990084378448098 -0.060837508503873941 -0.055852431285840776 -0.037864872618642603 -0.041535270658061306 -0.055075728962060394 -0.052187722543779652 -0.0531683929075513 -0.055823442784428724
leaf_weight=0.77326982095837626 0.89924532920122169 1.17611045576632 0.39468713849783021 1.7608844265341757 0.33902455680072308 0.36643438041210163 0.11678940057754505 0.29897924698889233 0.47643988113850355 0.27111465390771627 0.10770721640437841 0.26946153026074171 0.26772911660373211 0.072455433197319508
leaf_count=10 6 9 33 18 17 21 6 16 31 25 29 24 30 25
internal_value=1.08135e-09 0.0251919 -0.0355626 0.0456959 0.0208445 -0.0509036 -0.0450471 -0.0428813 -0.0456403 -0.0500528 -0.0575242 -0.0541152 -0.0514666 -0.0553764
internal_weight=7.59033 4.44299 3.14734 3.26688 1.506 2.37407 2.00763 1.71068 1.316 0.839555 0.296952 0.568441 0.606754 0.180163
internal_count=300 80 220 71 53 210 189 129 96 65 60 40 47 54
is_linear=0
shrinkage=0.05


Tree=24
num_leaves=13
num_cat=0
split_feature=1 0 4 4 1 1 1 1 4 1 1 1
split_gain=2.53855 0.0123643 0.0119487 0.0220185 0.0364753 0.0137335 0.00790161 0.000680692 1.7744e-05 7.119e-06 1.90016e-05 3.32099e-06
threshold=0.59950000000000003 1.0000000180025095e-35 0.35750000000000004 0.33750000000000008 0.43850000000000006 0.53850000000000009 0.48850000000000005 0.48550000000000004 0.33250000000000007 0.55700000000000016 0.52350000000000019 0.51350000000000018
decision_type=2 2 2 2 2 2 2 2 2 2 2 2
left_child=1 2 3 4 -1 7 -4 -6 11 10 -10 -3
right_child=-2 8 6 -5 5 -7 -8 -9 9 -11 -12 -13
leaf_value=-0.027011659962477647 0.020262480178544328 -0.054353205130445219 -0.044019858658977618 -0.032082311706929982 -0.055894398933522819 -0.040435540811887188 -0.057124863036615361 -0.052370582498329543 -0.055092573891013512 -0.055085566210123962 -0.056762528181549844 -0.054908216497306976
leaf_weight=0.22427701577544279 4.8644076138734818 0.052480709739029296 0.25691677443683136 0.49695386365056027 0.29774976894259453 0.26569112204015255 0.20826064050197601 0.25391443632543087 0.037303248420357704 0.053443924523890018 0.031349853612482548 0.055410157889127731
leaf_count=21 27 23 28 32 18 26 24 23 35 12 9 22
internal_value=-2.89064e-10 -0.0441253 -0.042865 -0.040742 -0.0448735 -0.0497746 -0.049887 -0.0542725 -0.0551054 -0.0555183 -0.0558551 -0.0546382
internal_weight=7.09816 2.23375 2.00376 1.53859 1.04163 0.817355 0.465177 0.551664 0.229988 0.122097 0.0686531 0.107891
internal_count=300 273 172 120 88 67 52 41 101 56 44 45
is_linear=0
shrinkage=0.05


Tree=25
num_leaves=14
num_cat=0
split_feature=4 0 4 0 4 0 1 4 4 1 4 1 4
split_gain=2.35038 1.56634 0.668068 0.566633 1.73855 0.130768 0.0203509 0.0167964 0.020494 0.0110585 0.00404406 0.00273082 0.000480354
threshold=0.36750000000000005 0.45000000000000007 0.23750000000000002 0.22500000000000003 0.37250000000000005 0.3665000000000001 0.45950000000000008 0.33750000000000008 0.34750000000000003 0.47950000000000004 0.31750000000000006 0.43750000000000006 0.39250000000000007
decision_type=2 2 2 2 2 2 2 2 2 2 2 2 2
left_child=2 3 -1 4 -2 6 11 9 -9 -8 -11 -4 -6
right_child=1 -3 5 -5 12 -7 7 8 -10 10 -12 -13 -14
leaf_value=0.0074751313302715248 0.066516765544072223 -0.025886448898776799 -0.033070340902401657 0.064742251033317072 -0.04647578025930002 -0.078654196910655783 -0.061790833182635618 -0.027337385767023464 -0.049952273793035872 -0.05119347595160504 -0.043369902975834151 -0.039959484100503651 -0.049440021542516907
leaf_weight=0.71451504528522525 0.82924184668809198 1.1112513896077869 0.36807135306298766 1.538061026483774 0.31358376331627369 0.30436127632856358 0.18230211175978162 0.20356741640716791 0.1972489133477211 0.39487119019031525 0.28395547159016132 0.23613146413117647 0.24225159455090761
leaf_count=10 6 9 40 18 17 21 15 15 27 37 35 20 30
internal_value=-3.54901e-09 0.0246428 -0.0344603 0.0438519 0.0206541 -0.0482651 -0.0433087 -0.0469217 -0.0384666 -0.0508571 -0.0479208 -0.0357627 -0.0477677
internal_weight=6.91941 4.03439 2.88502 2.92314 1.38508 2.17051 1.86615 1.26195 0.400816 0.861129 0.678827 0.604203 0.555835
internal_count=300 80 220 71 53 210 189 129 42 87 72 60 47
is_linear=0
shrinkage=0.05


Tree=26
num_leaves=12
num_cat=0
split_feature=1 4 4 1 4 1 1 1 1 4 1
split_gain=2.2059 0.0151183 0.0226986 0.0379286 0.0174482 0.0113751 0.00776855 0.0059449 0.00363908 0.00352796 0.00322587
threshold=0.59950000000000003 0.35750000000000004 0.33750000000000008 0.43450000000000005 0.38250000000000006 0.53850000000000009 0.47950000000000004 0.46550000000000008 0.47950000000000004 0.31750000000000006 0.46950000000000003
decision_type=2 2 2 2 2 2 2 2 2 2 2
left_child=1 2 3 -1 -3 7 -4 -5 -9 -7 -6
right_child=-2 4 6 5 10 9 -8 8 -10 -11 -12
leaf_value=-0.02368081722541784 0.019758520913941348 -0.056366530363736671 -0.037246104338334432 -0.044498891538777827 -0.043733551605320518 -0.045777949286138646 -0.02444035724433067 -0.061041818247348806 -0.051832621040693833 -0.034480183167576471 -0.028361169649492035
leaf_weight=0.18324239924550079 4.4585083406418562 0.35388217400759447 0.25680302176624525 0.17448247782886028 0.062808126211166382 0.13927209377288818 0.21979940868914127 0.17379594687372446 0.28025415167212486 0.1371446754783392 0.074736367911100388
leaf_count=22 27 39 22 25 19 22 25 14 39 21 25
internal_value=-4.63492e-11 -0.0428424 -0.0404398 -0.0444252 -0.0504929 -0.0486257 -0.0313404 -0.0523432 -0.0553576 -0.0401725 -0.0353808
internal_weight=6.51473 2.05622 1.56479 1.08819 0.491427 0.904949 0.476602 0.628533 0.45405 0.276417 0.137544
internal_count=300 273 190 143 83 121 47 78 53 43 44
is_linear=0
shrinkage=0.05


Tree=27
num_leaves=12
num_cat=0
split_feature=1 4 4 1 4 1 1 4 1 1 4
split_gain=2.0196 0.0136957 0.0181538 0.038058 0.0154571 0.0114993 0.00869894 0.00464818 0.00348711 0.00306373 0.00129203
threshold=0.59950000000000003 0.35750000000000004 0.33750000000000008 0.43450000000000005 0.38250000000000006 0.5505000000000001 0.46950000000000003 0.31250000000000006 0.46950000000000003 0.47150000000000003 0.29750000000000004
decision_type=2 2 2 2 2 2 2 2 2 2 2
left_child=1 2 3 -1 -3 7 -4 10 -6 -9 -5
right_child=-2 4 6 5 8 -7 -8 9 -10 -11 -12
leaf_value=-0.022708987890240621 0.018756367206214351 -0.055643669565195578 -0.039090418965689537 -0.052775938229569545 -0.044371567388481387 -0.03704848339952975 -0.025229430998488053 -0.043252127414338322 -0.027928682973411154 -0.052045456749178744 -0.059685996177765849
leaf_weight=0.17755794804543235 4.3996161613613367 0.33302114158868779 0.21400760114192952 0.13426928967237473 0.058635636232793331 0.18273613601922989 0.2402824517339468 0.19334582332521677 0.071638580411672592 0.20312136877328157 0.13633563090115786
leaf_count=22 27 39 18 28 19 32 29 22 25 26 13
internal_value=-1.51206e-10 -0.0424282 -0.040082 -0.0437623 -0.0499315 -0.0481612 -0.0317591 -0.0512054 -0.0353295 -0.0477572 -0.0562573
internal_weight=6.34457 1.94495 1.48166 1.02737 0.463295 0.849808 0.45429 0.667072 0.130274 0.396467 0.270605
internal_count=300 273 190 143 83 121 47 89 44 48 41
is_linear=0
shrinkage=0.05


Tree=28
num_leaves=14
num_cat=0
split_feature=4 0 4 0 4 0 1 4 4 1 4 4 1
split_gain=1.88861 1.33194 0.529773 0.467289 1.45539 0.102278 0.0206106 0.0157084 0.015352 0.00825994 0.00491995 0.00166287 0.00141047
threshold=0.36750000000000005 0.45000000000000007 0.23750000000000002 0.22500000000000003 0.37250000000000005 0.3665000000000001 0.43850000000000006 0.33250000000000007 0.34750000000000003 0.5505000000000001 0.32750000000000007 0.39250000000000007 0.47950000000000004
decision_type=2 2 2 2 2 2 2 2 2 2 2 2 2
left_child=2 3 -1 4 -2 6 10 9 -9 12 -4 -6 -8
right_child=1 -3 5 -5 11 -7 7 8 -10 -11 -12 -13 -14
leaf_value=0.0054405330894343792 0.064791066940469488 -0.023852069607846461 -0.025641025366267434 0.063549421548129092 -0.042578593464805831 -0.075228530758939371 -0.056919189181948326 -0.032943833101882154 -0.050389037492320911 -0.041799232607671037 -0.03736162847110127 -0.048379895400076943 -0.051335221369763033
leaf_weight=0.6647531092166904 0.75366650428623028 1.064426342025399 0.18930750899016846 1.3111923262476919 0.2814982058480382 0.26550572365522374 0.18780919723212697 0.38620212953537703 0.18725886847823858 0.21852521970868111 0.16988885682076216 0.22010713443160057 0.28424512222409248
leaf_count=10 6 9 25 18 17 21 21 34 28 26 18 30 37
internal_value=-1.30068e-09 0.0231715 -0.0329482 0.0426742 0.020869 -0.0464593 -0.0417536 -0.044757 -0.0386404 -0.0498363 -0.0311845 -0.0451242 -0.0535568
internal_weight=6.18439 3.63089 2.5535 2.56646 1.25527 1.88874 1.62324 1.26404 0.573461 0.69058 0.359196 0.501605 0.472054
internal_count=300 80 220 71 53 210 189 146 62 84 43 47 58
is_linear=0
shrinkage=0.05


Tree=29
num_leaves=12
num_cat=0
split_feature=1 4 4 1 4 1 1 4 1 1 1
split_gain=1.74867 0.0148963 0.017384 0.0372586 0.016393 0.0113437 0.00955745 0.00394085 0.00382972 0.00375738 0.00304317
threshold=0.59950000000000003 0.35750000000000004 0.33750000000000008 0.43450000000000005 0.38250000000000006 0.53850000000000009 0.46950000000000003 0.31750000000000006 0.46550000000000008 0.47950000000000004 0.46950000000000003
decision_type=2 2 2 2 2 2 2 2 2 2 2
left_child=1 2 3 -1 -3 8 -4 -7 -5 -10 -6
right_child=-2 4 6 5 10 7 -8 -9 9 -11 -12
leaf_value=-0.021201792163879185 0.018099800295800588 -0.055608724741824635 -0.038421637251534302 -0.044472860708129204 -0.042643797277442136 -0.044623602182124363 -0.023266553795542766 -0.031699069976113013 -0.060148571588440128 -0.049990081534994152 -0.026516565356612055
leaf_weight=0.16719995532184817 4.0619864203035831 0.30728719057515252 0.19460470695048571 0.14783956948667765 0.052804763428866863 0.1173917492851615 0.22352156136184931 0.11853126157075167 0.14912530453875661 0.23364078393206 0.065579102374613285
leaf_count=22 27 39 18 25 19 22 29 21 14 39 25
internal_value=2.55365e-10 -0.0413615 -0.038793 -0.0425873 -0.0495185 -0.047252 -0.03032 -0.0381301 -0.0513079 -0.0539478 -0.0337101
internal_weight=5.83951 1.77753 1.35185 0.933729 0.425671 0.766529 0.418126 0.235923 0.530606 0.382766 0.118384
internal_count=300 273 190 143 83 121 47 43 78 53 44
is_linear=0
shrinkage=0.05


Tree=30
num_leaves=12
num_cat=0
split_feature=1 4 4 1 4 1 1 4 2 1 4
split_gain=1.60482 0.0138494 0.0164157 0.0328302 0.0145852 0.01048 0.00985814 0.00440013 0.00259295 0.00250332 0.00138408
threshold=0.59950000000000003 0.35750000000000004 0.33750000000000008 0.43450000000000005 0.38250000000000006 0.5505000000000001 0.46950000000000003 0.31250000000000006 10.500000000000002 0.47150000000000003 0.29750000000000004
decision_type=2 2 2 2 2 2 2 2 2 2 2
left_child=1 2 3 -1 -3 7 -4 10 -6 -9 -5
right_child=-2 4 6 5 8 -7 -8 9 -10 -11 -12
leaf_value=-0.021755367112994348 0.017202571272499127 -0.054974211303603693 -0.038522000273762513 -0.051402105708667573 -0.02700736848905283 -0.035370595752998828 -0.022778969173305366 -0.041919501419719341 -0.042311005552000902 -0.050540144237450214 -0.05920917957420857
leaf_weight=0.16026744525879599 4.0102960932999849 0.28992791986092914 0.1840845737606287 0.1126682716421783 0.062820445746183395 0.15754478983581066 0.21625874284654856 0.16453996626660228 0.049479012377560139 0.17249883711338043 0.1144281062297523
leaf_count=22 27 39 18 28 27 32 29 22 17 26 13
internal_value=1.11829e-09 -0.0409538 -0.0384146 -0.0422262 -0.0490486 -0.0467722 -0.0300179 -0.0499563 -0.0337501 -0.0463316 -0.0553359
internal_weight=5.69481 1.68452 1.28229 0.881947 0.402227 0.72168 0.400343 0.564135 0.112299 0.337039 0.227096
internal_count=300 273 190 143 83 121 47 89 44 48 41
is_linear=0
shrinkage=0.05


Tree=31
num_leaves=15
num_cat=0
split_feature=4 0 0 0 4 1 4 4 4 1 2 4 1 4
split_gain=1.49797 1.15888 0.909502 0.397501 1.22998 0.0451521 0.0322818 0.0193979 0.00545811 0.004744 0.00778331 0.0222246 0.00854095 0.000818202
threshold=0.36750000000000005 0.45000000000000007 0.45000000000000007 0.22500000000000003 0.37250000000000005 0.7340000000000001 0.27750000000000008 0.31250000000000006 0.39250000000000007 0.44750000000000006 14.000000000000002 0.33750000000000008 0.49950000000000006 0.30250000000000005
decision_type=2 2 2 2 2 2 2 2 2 2 2 2 2 2
left_child=2 3 5 4 -2 6 -1 13 -6 -9 -11 12 -12 -8
right_child=1 -3 -4 -5 8 -7 7 9 -10 10 11 -13 -14 -15
leaf_value=-0.023583266122921387 0.063334704119455076 -0.022588182886643885 0.069036589546850782 0.062621954662252524 -0.037472298078518505 -0.054810036469201885 -0.056195101481134269 -0.032131860474987166 -0.048422219818755267 -0.049847311218937776 -0.054389165059347426 -0.026376000022408225 -0.037763559054232898 -0.05052045818598061
leaf_weight=0.33987430576235134 0.68359053414315052 1.0250300215557215 0.20540928840637196 1.1223354907706378 0.25815114052966237 0.4753858409821986 0.12407965632155515 0.26840180158615112 0.20352983381599188 0.15498201735317707 0.15776626765727997 0.25820574071258307 0.15136115532368422 0.13015292771160603
leaf_count=23 6 9 21 18 17 6 21 33 30 23 18 29 26 20
internal_value=1.19122e-09 0.0215315 -0.0312918 0.041475 0.0207515 -0.0412949 -0.0372409 -0.0409694 -0.0422995 -0.0378078 -0.0399169 -0.0372041 -0.0462486 -0.05329
internal_weight=5.55826 3.29264 2.26562 2.26761 1.14527 2.06021 1.58482 1.24495 0.461681 0.990717 0.722315 0.567333 0.309127 0.254233
internal_count=300 80 220 71 53 199 193 170 47 129 96 73 44 41
is_linear=0
shrinkage=0.05


Tree=32
num_leaves=12
num_cat=0
split_feature=1 4 4 1 4 1 1 1 1 4 2
split_gain=1.38442 0.0143691 0.017173 0.03289 0.015582 0.0107298 0.0103671 0.00348126 0.00347557 0.00337305 0.00251659
threshold=0.59950000000000003 0.35750000000000004 0.33750000000000008 0.43450000000000005 0.38250000000000006 0.53850000000000009 0.46950000000000003 0.46550000000000008 0.47950000000000004 0.31750000000000006 10.500000000000002
decision_type=2 2 2 2 2 2 2 2 2 2 2
left_child=1 2 3 -1 -3 7 -4 -5 -9 -7 -6
right_child=-2 4 6 5 10 9 -8 8 -10 -11 -12
leaf_value=-0.020060039017346223 0.016579520881848709 -0.054742607074014717 -0.037395523586881245 -0.04335071640895969 -0.024809942860183759 -0.043109622917365156 -0.020582862960331495 -0.059569505986127674 -0.048962505061196065 -0.030148476479382909 -0.040653561130598266
leaf_weight=0.14899433031678178 3.6996723264455795 0.26854587765410531 0.16798861511051655 0.12605276005342603 0.057075352407991886 0.098402972333133221 0.20187964849174023 0.12754155416041613 0.19577532820403576 0.10246653575450182 0.044687322340905666
leaf_count=22 27 39 18 25 27 22 29 14 39 21 17
internal_value=4.52436e-10 -0.0398456 -0.0371269 -0.0412494 -0.0484289 -0.0461046 -0.0282189 -0.0503989 -0.0531467 -0.0364979 -0.0317674
internal_weight=5.23908 1.53941 1.1691 0.799233 0.370309 0.650239 0.369868 0.44937 0.323317 0.20087 0.101763
internal_count=300 273 190 143 83 121 47 78 53 43 44
is_linear=0
shrinkage=0.05


Tree=33
num_leaves=12
num_cat=0
split_feature=1 4 4 1 4 1 1 4 4 4 2
split_gain=1.27428 0.0127074 0.0162414 0.0294936 0.0148835 0.0100328 0.0089166 0.0030888 0.00314183 0.00300549 0.00242464
threshold=0.59950000000000003 0.35750000000000004 0.33750000000000008 0.43450000000000005 0.38250000000000006 0.53850000000000009 0.46950000000000003 0.31250000000000006 0.32750000000000007 0.31750000000000006 10.500000000000002
decision_type=2 2 2 2 2 2 2 2 2 2 2
left_child=1 2 3 -1 -3 7 -4 -5 -9 -7 -6
right_child=-2 4 6 5 10 9 -8 8 -10 -11 -12
leaf_value=-0.02057355751691934 0.015777234758860576 -0.054140793165390416 -0.036766317443081058 -0.055723571191151011 -0.024195828896635213 -0.042683433319257433 -0.020830572403636061 -0.041415250206510962 -0.052221358048020333 -0.030116573278477245 -0.040125321975627133
leaf_weight=0.14343041088432051 3.6552664050832391 0.25344104971736658 0.15981985256075859 0.153245042078197 0.054904615506529808 0.092701452784240246 0.19473815057426691 0.13422997063025832 0.13482819870114326 0.097741874866187572 0.042286275885999203
leaf_count=22 27 39 18 34 27 22 29 25 19 21 17
internal_value=1.59042e-09 -0.039463 -0.0368434 -0.0409835 -0.0477615 -0.045761 -0.0280137 -0.0500575 -0.0468303 -0.0362337 -0.0311265
internal_weight=5.11663 1.46137 1.11073 0.756177 0.350632 0.612747 0.354558 0.422303 0.269058 0.190443 0.0971909
internal_count=300 273 190 143 83 121 47 78 44 43 44
is_linear=0
shrinkage=0.05


Tree=34
num_leaves=12
num_cat=0
split_feature=1 4 4 1 4 1 1 4 4 4 1
split_gain=1.17404 0.0115123 0.0147943 0.0288865 0.0133975 0.0097823 0.00815128 0.00271778 0.00266708 0.00241225 0.00210951
threshold=0.59950000000000003 0.35750000000000004 0.33750000000000008 0.43450000000000005 0.38250000000000006 0.53850000000000009 0.46950000000000003 0.31750000000000006 0.31250000000000006 0.32750000000000007 0.46950000000000003
decision_type=2 2 2 2 2 2 2 2 2 2 2
left_child=1 2 3 -1 -3 8 -4 -7 -5 -10 -6
right_child=-2 4 6 5 10 7 -8 -9 9 -11 -12
leaf_value=-0.020131637882088757 0.015015069835088319 -0.05345510814935394 -0.036544424386240011 -0.055356910505148682 -0.03955928095154268 -0.042211839463662117 -0.020977722289972769 -0.02993274550224477 -0.041940133620500239 -0.051695055495186139 -0.024350630592204658
leaf_weight=0.13888417463749625 3.6135528245940804 0.23921294510364521 0.15218445379287004 0.14367035543546081 0.040744252037256956 0.087317271623760462 0.18796038161963224 0.093122313730418682 0.12643346609547734 0.1270658215507865 0.051771171391010284
leaf_count=22 27 39 18 34 19 22 29 21 25 19 25
internal_value=-1.40345e-09 -0.0390803 -0.0365292 -0.0406056 -0.0472062 -0.0455285 -0.0279424 -0.0358748 -0.0499143 -0.0468298 -0.0310486
internal_weight=5.00192 1.38837 1.05664 0.716493 0.331728 0.577609 0.340145 0.18044 0.39717 0.253499 0.0925154
internal_count=300 273 190 143 83 121 47 43 78 44 44
is_linear=0
shrinkage=0.05


Tree=35
num_leaves=14
num_cat=0
split_feature=4 4 4 0 4 0 4 1 4 4 1 0 4
split_gain=1.12041 1.05524 0.380156 0.267052 1.00286 0.0790402 0.0288285 0.0144746 0.0127541 0.0192132 0.0102768 0.0043894 0.00235935
threshold=0.36750000000000005 0.42750000000000005 0.23750000000000002 0.22500000000000003 0.37250000000000005 0.3665000000000001 0.38750000000000007 0.44750000000000006 0.33750000000000008 0.34750000000000003 0.49950000000000006 1.0000000180025095e-35 0.33250000000000007
decision_type=2 2 2 2 2 2 2 2 2 2 2 2 2
left_child=2 3 -1 4 -2 7 -6 12 10 -10 -9 -12 -4
right_child=1 -3 5 -5 6 -7 -8 8 9 -11 11 -13 -14
leaf_value=0.0057059977655324282 0.062032580929985461 -0.026671253109963319 -0.024974795247038023 0.056326277976844065 -0.026050015979544774 -0.070929141624119951 -0.052260461558709406 -0.053830640380145539 -0.022808707671588904 -0.047759188171670248 -0.035749977156081553 -0.047977348820834639 -0.034045667894390952
leaf_weight=0.54901689663529385 0.59878836292773552 0.8753943946212529 0.1742265550419686 1.0608091875910757 0.21663118852302432 0.21998275071382511 0.20342067116871476 0.24064115202054381 0.18079043086618185 0.13460584310814738 0.2042788784019649 0.1145574445836246 0.12180141173303127
leaf_count=10 6 18 32 16 14 21 26 34 18 28 36 21 20
internal_value=2.62539e-09 0.0193817 -0.0295241 0.038767 0.0204844 -0.0434303 -0.0387431 -0.038264 -0.0414977 -0.0334572 -0.0460304 -0.0401433 -0.028707
internal_weight=4.89495 2.95504 1.9399 2.07965 1.01884 1.39088 0.420052 1.1709 0.874874 0.315396 0.559477 0.318836 0.296028
internal_count=300 80 220 62 46 210 40 189 137 46 91 57 52
is_linear=0
shrinkage=0.05


Tree=36
num_leaves=11
num_cat=0
split_feature=1 4 4 4 1 2 1 1 1 4
split_gain=1.06677 0.0151082 0.0140312 0.0108276 0.026298 0.00984772 0.0111059 0.00860367 0.00404421 0.00241811
threshold=0.59950000000000003 0.35750000000000004 0.38250000000000006 0.33750000000000008 0.43450000000000005 11.500000000000002 0.53850000000000009 0.46950000000000003 0.47150000000000003 0.39250000000000007
decision_type=2 2 2 2 2 2 2 2 2 2
left_child=1 3 -3 4 -1 -6 8 -5 -7 -4
right_child=-2 2 9 7 5 6 -8 -9 -10 -11
leaf_value=-0.018607984619805944 0.015275118625888538 -0.053881707456994811 -0.039772955604446547 -0.036622342948817076 -0.028126218265730626 -0.046117293068946741 -0.035543544192127137 -0.020117446971342948 -0.057736808305053004 -0.022849674866727114
leaf_weight=0.13138464512303449 3.2702708579599857 0.23451507976278663 0.037508285138756037 0.14261548593640327 0.086801516357809305 0.14535729447379708 0.15286738146096468 0.17689610179513693 0.15446089161559939 0.048274883069097996
leaf_count=22 27 39 10 18 34 24 33 29 30 34
internal_value=-8.2316e-10 -0.0381128 -0.0475524 -0.03506 -0.0386679 -0.0435532 -0.0465113 -0.0274845 -0.0521035 -0.0302493
internal_weight=4.58095 1.31068 0.320298 0.990383 0.670872 0.539487 0.452686 0.319512 0.299818 0.0857832
internal_count=300 273 83 190 143 121 87 47 54 44
is_linear=0
shrinkage=0.05


Tree=37
num_leaves=14
num_cat=0
split_feature=4 0 0 4 4 4 0 1 4 4 1 0 4
split_gain=1.01717 1.01527 0.35123 0.838429 0.339045 0.0748665 0.0717109 0.0112672 0.00859339 0.0204949 0.00948115 0.00361306 0.00260534
threshold=0.36750000000000005 0.45000000000000007 0.22500000000000003 0.37250000000000005 0.23750000000000002 0.38250000000000006 0.3665000000000001 0.44750000000000006 0.33750000000000008 0.34750000000000003 0.49950000000000006 1.0000000180025095e-35 0.33250000000000007
decision_type=2 2 2 2 2 2 2 2 2 2 2 2 2
left_child=4 2 3 -2 -1 -5 7 12 10 -10 -9 -12 -6
right_child=1 -3 -4 5 6 -7 -8 8 9 -11 11 -13 -14
leaf_value=0.0050696079475162064 0.060207630213040653 -0.02981397047215284 0.061678134832895026 -0.010454646989671974 -0.024464832387857353 -0.051639497779940681 -0.069676169093446802 -0.051783497724800676 -0.021924334914423152 -0.048373607842882388 -0.03409997347724119 -0.045331590342850142 -0.034351594432231111
leaf_weight=0.5333912968635558 0.54414217174053214 0.7388245342299341 0.91018827725201845 0.20689638517796993 0.16379440296441294 0.23645398998633027 0.20137448236346234 0.22402477776631713 0.16942411195486784 0.12901400867849588 0.19347632629796863 0.113671132363379 0.11233277572318912
leaf_count=10 6 9 18 10 32 37 21 34 18 28 36 21 20
internal_value=1.66129e-09 0.0199125 0.0392726 0.018621 -0.0285246 -0.0324199 -0.0422333 -0.0372354 -0.0401473 -0.0333583 -0.0439617 -0.0382566 -0.0284869
internal_weight=4.47701 2.63651 1.89768 0.987493 1.8405 0.44335 1.30711 1.10574 0.82961 0.298438 0.531172 0.307147 0.276127
internal_count=300 80 71 53 220 47 210 189 137 46 91 57 52
is_linear=0
shrinkage=0.05


Tree=38
num_leaves=11
num_cat=0
split_feature=1 4 4 4 1 2 1 1 1 1
split_gain=0.942427 0.0181137 0.0171545 0.00980573 0.0225177 0.0113422 0.0108083 0.00770548 0.00489679 0.00243208
threshold=0.59950000000000003 0.35750000000000004 0.38250000000000006 0.33750000000000008 0.43450000000000005 11.500000000000002 0.53850000000000009 0.46950000000000003 0.46950000000000003 0.46950000000000003
decision_type=2 2 2 2 2 2 2 2 2 2
left_child=1 3 -3 4 -1 -6 8 -5 -7 -4
right_child=-2 2 9 7 5 6 -8 -9 -10 -11
leaf_value=-0.018185713365275417 0.015034937137285577 -0.05521997453048251 -0.037665304186382177 -0.035344673141103823 -0.024912799122406043 -0.042331193434095242 -0.034136947912765392 -0.019105009690532287 -0.056220428148575488 -0.019970118438690693
leaf_weight=0.12297101877629735 2.9981342954561114 0.21739938156679273 0.035343092400580645 0.13078343588858843 0.080501936841756105 0.099507320206612349 0.1404436151497066 0.16545012034475803 0.17517273360863328 0.043095611967146397
leaf_count=22 27 39 19 18 34 20 33 29 34 25
internal_value=1.2453e-09 -0.037233 -0.0479878 -0.033755 -0.0373373 -0.042089 -0.0454199 -0.0262746 -0.0511888 -0.0279433
internal_weight=4.2088 1.21067 0.295838 0.91483 0.618597 0.495626 0.415124 0.296234 0.27468 0.0784387
internal_count=300 273 83 190 143 121 87 47 54 44
is_linear=0
shrinkage=0.05


Tree=39
num_leaves=14
num_cat=0
split_feature=4 0 0 0 4 4 0 1 1 4 1 4 4
split_gain=0.878914 0.881287 0.595002 0.29181 0.79066 0.0352745 0.0626975 0.0102219 0.0111276 0.0112543 0.00871818 0.00754668 0.00186247
threshold=0.36750000000000005 0.45000000000000007 0.45000000000000007 0.22500000000000003 0.37250000000000005 0.23750000000000002 0.3665000000000001 0.45950000000000008 0.51650000000000007 0.32750000000000007 0.49650000000000005 0.38250000000000006 0.32750000000000007
decision_type=2 2 2 2 2 2 2 2 2 2 2 2 2
left_child=2 3 5 4 -2 -1 7 12 10 -10 -9 -6 -7
right_child=1 -3 -4 -5 11 6 -8 8 9 -11 -12 -13 -14
leaf_value=-0.022854978637326665 0.058991613578627568 -0.027613507287043967 0.066685923080923346 0.06064660520773496 -0.029187206459306083 -0.02490483717918333 -0.067686474862239734 -0.039911755474998804 -0.040897605405630463 -0.023136291552565864 -0.057088312280644586 -0.043520457697303047 -0.032383350577014303
leaf_weight=0.35829285532236088 0.51806768402457259 0.70188433025032271 0.15306971594691265 0.81195899564772844 0.17294112732633948 0.16389682190492727 0.18287218362092961 0.20071505266241729 0.21255735633894801 0.15366547321900725 0.11690010293386877 0.19581626262515783 0.16919825691729784
leaf_count=7 6 9 21 18 10 33 3 37 37 38 17 37 27
internal_value=-1.0111e-09 0.0195167 -0.0273807 0.0389894 0.0191604 -0.036622 -0.0407332 -0.0358862 -0.0393848 -0.033445 -0.0462337 -0.0367984 -0.0287036
internal_weight=4.11184 2.40067 1.71117 1.69878 0.886825 1.5581 1.19981 1.01693 0.683838 0.366223 0.317615 0.368757 0.333095
internal_count=300 80 220 71 53 199 192 189 129 75 54 47 60
is_linear=0
shrinkage=0.05


Tree=40
num_leaves=11
num_cat=0
split_feature=1 4 4 4 1 2 1 1 1 1
split_gain=0.828695 0.0163407 0.0161407 0.0109005 0.0262224 0.0100195 0.01241 0.00670093 0.00206249 0.00150705
threshold=0.59950000000000003 0.35750000000000004 0.38250000000000006 0.33750000000000008 0.43450000000000005 11.500000000000002 0.53850000000000009 0.46950000000000003 0.46950000000000003 0.47150000000000003
decision_type=2 2 2 2 2 2 2 2 2 2
left_child=1 3 -3 4 -1 -6 9 -5 -4 -7
right_child=-2 2 8 7 5 6 -8 -9 -10 -11
leaf_value=-0.015802501400747165 0.014678046050103239 -0.054567595073499231 -0.036192547409666175 -0.033710811325484209 -0.025533753110068599 -0.048265375099836333 -0.033154200970355846 -0.017880160840827337 -0.019092856704861147 -0.056049869803078502
leaf_weight=0.11566672753542684 2.7559155719354749 0.19848838495090604 0.032165673561394215 0.11941251764073968 0.072995841968804598 0.12042774888686836 0.12855213135480881 0.15185210574418306 0.03903332632035017 0.12853127717971802
leaf_count=22 27 39 19 18 34 24 33 29 25 30
internal_value=-7.48871e-10 -0.0365374 -0.0472415 -0.0330902 -0.0370388 -0.0424911 -0.04577 -0.0248489 -0.026818 -0.0522843
internal_weight=3.86304 1.10713 0.269687 0.837438 0.566174 0.450507 0.377511 0.271265 0.071199 0.248959
internal_count=300 273 83 190 143 121 87 47 44 54
is_linear=0
shrinkage=0.05


Tree=41
num_leaves=11
num_cat=0
split_feature=1 4 4 4 1 2 1 1 1 1
split_gain=0.767879 0.0140285 0.0142449 0.0102348 0.0243162 0.00930684 0.0122289 0.0059108 0.0024639 0.00171829
threshold=0.59950000000000003 0.35750000000000004 0.38250000000000006 0.33750000000000008 0.43450000000000005 11.500000000000002 0.53850000000000009 0.46950000000000003 0.46950000000000003 0.46950000000000003
decision_type=2 2 2 2 2 2 2 2 2 2
left_child=1 3 -3 4 -1 -6 8 -5 -7 -4
right_child=-2 2 9 7 5 6 -8 -9 -10 -11
leaf_value=-0.016096441844546738 0.014004940890695435 -0.053664387202914048 -0.035737960299777348 -0.033411593886113054 -0.025708266717940288 -0.045529178218240478 -0.03288542115730466 -0.018256366089183004 -0.056237051152368427 -0.019754748094894973
leaf_weight=0.11062132287770532 2.7254249211400747 0.18629937944933772 0.030495201703161001 0.11472284980118275 0.069753247313201427 0.083800889551639557 0.12247039331123233 0.14648828841745853 0.14967499137856066 0.037485205102711916
leaf_count=22 27 39 19 18 34 20 33 29 34 25
internal_value=2.03491e-09 -0.0362892 -0.0465156 -0.0330287 -0.0369816 -0.0424088 -0.0456815 -0.0249125 -0.0523937 -0.0269246
internal_weight=3.77724 1.05181 0.25428 0.797532 0.536321 0.4257 0.355946 0.261211 0.233476 0.0679804
internal_count=300 273 83 190 143 121 87 47 54 44
is_linear=0
shrinkage=0.05


Tree=42
num_leaves=15
num_cat=0
split_feature=4 0 0 4 4 0 1 4 4 1 1 0 1 1
split_gain=0.716606 0.76733 0.255557 0.694399 0.245935 0.0567804 0.0109675 0.00849182 0.00818702 0.00938518 0.00355671 0.00213513 0.000833372 0.000566924
threshold=0.36750000000000005 0.45000000000000007 0.22500000000000003 0.37250000000000005 0.23750000000000002 0.3665000000000001 0.43850000000000006 0.39750000000000008 0.33750000000000008 0.49950000000000006 0.50850000000000006 1.0000000180025095e-35 0.42350000000000004 0.47150000000000003
decision_type=2 2 2 2 2 2 2 2 2 2 2 2 2 2
left_child=4 2 3 -2 -1 6 12 -5 9 13 -10 -11 -6 -8
right_child=1 -3 -4 7 5 -7 8 -9 10 11 -12 -13 -14 -15
leaf_value=0.0039378748342122393 0.057929992809356817 -0.026592117548416835 0.059922622863524802 -0.029691185672541476 -0.027449797876249724 -0.066381045556342652 -0.047294136425356348 -0.045891535769990624 -0.023567422518798842 -0.031559633554376486 -0.035804125082569256 -0.041084971081377715 -0.021069435812818262 -0.052673194590752925
leaf_weight=0.46714853774756226 0.4700116226449611 0.65902505721896876 0.70938160642981529 0.19695798982866108 0.11004292219877221 0.16695505753159523 0.10453968378715217 0.13726221956312656 0.10983451595529914 0.15378231834620237 0.12927679368294775 0.095281383953988552 0.095675008837133646 0.092172784032300115
leaf_count=10 6 9 18 22 23 21 23 25 18 36 29 21 20 19
internal_value=1.77031e-09 0.0184402 0.0380472 0.0187517 -0.0262764 -0.0396227 -0.0346065 -0.0363446 -0.0376474 -0.0416512 -0.0301833 -0.0352036 -0.0244824 -0.0498146
internal_weight=3.69735 2.17264 1.51361 0.804232 1.52471 1.05756 0.890605 0.33422 0.684887 0.445776 0.239111 0.249064 0.205718 0.196712
internal_count=300 80 71 53 220 210 189 47 146 99 47 57 43 42
is_linear=0
shrinkage=0.05


Tree=43
num_leaves=11
num_cat=0
split_feature=1 4 4 4 1 2 1 1 1 4
split_gain=0.675545 0.0157512 0.0149914 0.00894405 0.021609 0.00962029 0.0110873 0.00574066 0.00293139 0.0027059
threshold=0.59950000000000003 0.35750000000000004 0.38250000000000006 0.33750000000000008 0.43450000000000005 11.500000000000002 0.53850000000000009 0.46950000000000003 0.46950000000000003 0.39250000000000007
decision_type=2 2 2 2 2 2 2 2 2 2
left_child=1 3 -3 4 -1 -6 8 -5 -7 -4
right_child=-2 2 9 7 5 6 -8 -9 -10 -11
leaf_value=-0.015264992684308316 0.013609353102750146 -0.05418130878288431 -0.03763970803663691 -0.032687120406188534 -0.023435754146963746 -0.043513536497988448 -0.031912040211855029 -0.01718241542121525 -0.055757950279326611 -0.016614150367568175
leaf_weight=0.10221019200980697 2.5288058584555984 0.17469739355146885 0.026812856085598469 0.10635400004684925 0.064310126472264528 0.076490394771099091 0.11241223430261016 0.13609428843483329 0.13541993382386863 0.035645320545881987
leaf_count=22 27 39 10 18 34 20 33 29 34 34
internal_value=-1.2496e-09 -0.0354635 -0.0466646 -0.0318409 -0.0357218 -0.041102 -0.044605 -0.0239838 -0.0513383 -0.0256403
internal_weight=3.49925 0.970447 0.237156 0.733291 0.490843 0.388633 0.324323 0.242448 0.21191 0.0624582
internal_count=300 273 83 190 143 121 87 47 54 44
is_linear=0
shrinkage=0.05


Tree=44
num_leaves=12
num_cat=0
split_feature=1 4 4 4 1 2 1 4 1 1 1
split_gain=0.627955 0.0130571 0.0140117 0.00881199 0.02087 0.00798082 0.00966225 0.00418067 0.00387307 0.00206222 0.00169896
threshold=0.59950000000000003 0.35750000000000004 0.38250000000000006 0.33750000000000008 0.43450000000000005 11.500000000000002 0.5505000000000001 0.31250000000000006 0.47950000000000004 0.47150000000000003 0.46950000000000003
decision_type=2 2 2 2 2 2 2 2 2 2 2
left_child=1 3 -3 4 -1 -6 7 -7 -5 -9 -4
right_child=-2 2 10 8 5 6 -8 9 -10 -11 -12
leaf_value=-0.015481660395139644 0.013000195799251513 -0.05331481899691768 -0.034507804878682977 -0.030326119839798306 -0.024837355016740257 -0.058212818496366253 -0.028816681322191218 -0.038344703190405081 -0.017428770883063903 -0.050279250346904496 -0.017540261424889146
leaf_weight=0.099043649621308183 2.5027986699715257 0.16401191777549684 0.026450509205460548 0.11758278124034405 0.061059017665684223 0.088042375864461064 0.073406942188739777 0.071378916036337614 0.11527829803526402 0.073435360798612237 0.033360368106514215
leaf_count=22 27 39 19 22 34 21 24 20 25 22 25
internal_value=-6.69435e-10 -0.0352493 -0.0457601 -0.0318848 -0.0358511 -0.0413434 -0.0446342 -0.0496205 -0.0239413 -0.0443967 -0.0250439
internal_weight=3.42585 0.92305 0.223823 0.699227 0.466366 0.367323 0.306264 0.232857 0.232861 0.144814 0.0598109
internal_count=300 273 83 190 143 121 87 63 47 42 44
is_linear=0
shrinkage=0.05


Tree=45
num_leaves=16
num_cat=0
split_feature=4 0 0 0 4 4 0 1 1 4 4 4 1 1 4
split_gain=0.597735 0.695387 0.441704 0.217923 0.609126 0.0295062 0.053373 0.0104726 0.00941247 0.00990722 0.00794258 0.00423778 0.000917617 0.00217852 1.66992e-06
threshold=0.36750000000000005 0.45000000000000007 0.45000000000000007 0.22500000000000003 0.37250000000000005 0.26750000000000007 1.0000000180025095e-35 0.43850000000000006 0.51650000000000007 0.33250000000000007 0.39750000000000008 0.33750000000000008 0.87100000000000011 0.81450000000000011 0.33250000000000007
decision_type=2 2 2 2 2 2 2 2 2 2 2 2 2 2 2
left_child=2 3 5 4 -2 -1 7 -7 11 -10 -6 -9 13 14 -8
right_child=1 -3 -4 -5 10 6 12 8 9 -11 -12 -13 -14 -15 -16
leaf_value=-0.023089110498957899 0.057362551132090871 -0.026137194707262192 0.065259523118024146 0.05937887320076355 -0.028403391472674927 -0.020737076675134206 -0.051437557244805733 -0.046647159307431546 -0.038191264915663034 -0.015117523839312242 -0.044860079328001123 -0.034692341245268189 -0.065045664728569236 -0.06520564516383108 -0.051967840272715282
leaf_weight=0.4055638909339907 0.430990010499954 0.62331132544204582 0.12259878963232029 0.62394423829391599 0.17803231906145811 0.15041670110076666 0.03285802761092782 0.1661890666000545 0.095958270831033587 0.090300510171800852 0.12465608259662986 0.13382190279662609 0.091828564181923866 0.059096105396747589 0.027083761990070343
leaf_count=20 6 9 21 18 22 31 32 32 22 18 25 16 2 1 25
internal_value=1.19783e-09 0.0175833 -0.0253187 0.0376563 0.0191826 -0.0341805 -0.0394878 -0.032267 -0.0358335 -0.0270048 -0.0351807 -0.0413146 -0.0612903 -0.0583933 -0.0516772
internal_weight=3.35665 1.98093 1.37572 1.35762 0.733678 1.25312 0.847553 0.636686 0.48627 0.186259 0.302688 0.300011 0.210866 0.119038 0.0599418
internal_count=300 80 220 71 53 199 179 119 88 40 47 48 60 58 57
is_linear=0
shrinkage=0.05


Tree=46
num_leaves=12
num_cat=0
split_feature=1 4 4 4 1 1 1 4 1 1 4
split_gain=0.55034 0.0142666 0.014609 0.00754671 0.019391 0.00796886 0.00394452 0.00380697 0.00223585 0.00191334 0.00182046
threshold=0.59950000000000003 0.35750000000000004 0.38250000000000006 0.33750000000000008 0.43450000000000005 0.5505000000000001 0.47950000000000004 0.31250000000000006 0.46950000000000003 0.47150000000000003 0.29750000000000004
decision_type=2 2 2 2 2 2 2 2 2 2 2
left_child=1 3 -3 4 -1 7 -5 10 -4 -9 -6
right_child=-2 2 8 6 5 -7 -8 9 -10 -11 -12
leaf_value=-0.014256657106467894 0.01265824751228431 -0.053642843453023628 -0.035116063204812864 -0.029775539644151246 -0.045175895894294112 -0.025923895509719682 -0.016234212049303722 -0.033635033686330244 -0.014781072989616662 -0.044672337165682648 -0.058601818603207984
leaf_weight=0.092445686925202941 2.3110847934149206 0.15370824304409325 0.023905907291918993 0.1081970096565783 0.050465148407965899 0.076277708169072866 0.1069257571361959 0.07443730509839952 0.031106388196349144 0.083099565701559186 0.050528257386758924
leaf_count=22 27 39 19 22 28 32 25 22 25 26 13
internal_value=-5.48772e-10 -0.0343724 -0.0457292 -0.0306824 -0.0345279 -0.0401252 -0.0230449 -0.0443152 -0.0236178 -0.0394571 -0.0518931
internal_weight=3.16218 0.851097 0.208721 0.642376 0.427254 0.334808 0.215123 0.25853 0.0550123 0.157537 0.100993
internal_count=300 273 83 190 143 121 47 89 44 48 41
is_linear=0
shrinkage=0.05


Tree=47
num_leaves=12
num_cat=0
split_feature=1 4 4 4 1 1 1 4 1 4 4
split_gain=0.511623 0.0123133 0.0130469 0.00696084 0.0196533 0.00787338 0.00383252 0.00312305 0.0019558 0.0017814 0.00144463
threshold=0.59950000000000003 0.35750000000000004 0.38250000000000006 0.33750000000000008 0.43450000000000005 0.5505000000000001 0.47950000000000004 0.31250000000000006 0.46950000000000003 0.29750000000000004 0.32750000000000007
decision_type=2 2 2 2 2 2 2 2 2 2 2
left_child=1 3 -3 4 -1 7 -5 9 -4 -6 -9
right_child=-2 2 8 6 5 -7 -8 10 -10 -11 -12
leaf_value=-0.013830922611881104 0.012096183793727677 -0.052751189767279827 -0.034775137074963547 -0.029979161163965401 -0.044850186015056775 -0.025856726813152504 -0.016357754282287633 -0.035074816526041788 -0.015332301150682445 -0.058541963198389252 -0.044912840867821026
leaf_weight=0.090297902002930974 2.2882928629405797 0.1445018257945776 0.022707681637257338 0.10292409919202328 0.047771541168913245 0.072967980057001114 0.10363586666062474 0.073589336359873414 0.030052169691771269 0.047257175901904702 0.075699335895478725
leaf_count=22 27 39 19 22 28 32 25 27 25 13 21
internal_value=-1.13751e-09 -0.0341132 -0.0449812 -0.0306224 -0.0344119 -0.0402691 -0.023145 -0.0445736 -0.0237004 -0.051659 -0.0400634
internal_weight=3.0997 0.811405 0.197262 0.614143 0.407583 0.317285 0.20656 0.244317 0.0527599 0.0950287 0.149289
internal_count=300 273 83 190 143 121 47 89 44 41 48
is_linear=0
shrinkage=0.05


Tree=48
num_leaves=14
num_cat=0
split_feature=4 0 0 4 4 0 1 1 4 4 4 4 4
split_gain=0.487001 0.61339 0.193182 0.536183 0.180214 0.0472693 0.00878372 0.0077871 0.00755538 0.00699019 0.00540502 0.00196602 0.00177424
threshold=0.36750000000000005 0.45000000000000007 0.22500000000000003 0.37250000000000005 0.23750000000000002 0.3665000000000001 0.44750000000000006 0.51650000000000007 0.32750000000000007 0.39750000000000008 0.33750000000000008 0.32250000000000006 0.33250000000000007
decision_type=2 2 2 2 2 2 2 2 2 2 2 2 2
left_child=4 2 3 -2 -1 6 12 10 -9 -5 11 -8 -6
right_child=1 -3 -4 9 5 -7 7 8 -10 -11 -12 -13 -14
leaf_value=0.003210461847523079 0.05646839507505811 -0.02538704941721593 0.058759075275917332 -0.027778860387251698 -0.01855929996195628 -0.064208913637288118 -0.042769202758580267 -0.036519794606063062 -0.019078385858596347 -0.043895984440337876 -0.033692615247154022 -0.054603750492708075 -0.028742684098580759
leaf_weight=0.40447279065847419 0.39061151677742578 0.5877512409351765 0.54981490084901452 0.16181138879619539 0.10762394429184496 0.13792777806520462 0.077003113692626357 0.14948816993273795 0.10620523057878017 0.11515000532381237 0.11866037547588348 0.064479146851226687 0.070983989629894495
leaf_count=10 6 9 18 22 32 21 26 37 38 25 19 17 20
internal_value=1.03854e-09 0.0165599 0.0368118 0.018736 -0.0241688 -0.0374731 -0.0321629 -0.0354718 -0.0292753 -0.0344797 -0.0415624 -0.0481627 -0.0226065
internal_weight=3.04198 1.80514 1.21739 0.667573 1.23684 0.832372 0.694444 0.515836 0.255693 0.276961 0.260143 0.141482 0.178608
internal_count=300 80 71 53 220 210 189 137 75 47 62 43 52
is_linear=0
shrinkage=0.05


Tree=49
num_leaves=11
num_cat=0
split_feature=1 4 4 4 1 2 1 1 1 2
split_gain=0.452149 0.0130953 0.0133845 0.00660678 0.017125 0.00786929 0.00908611 0.00322236 0.00143321 2.56832e-05
threshold=0.59950000000000003 0.35750000000000004 0.38250000000000006 0.33750000000000008 0.43450000000000005 11.500000000000002 0.53850000000000009 0.47950000000000004 0.47150000000000003 7.5000000000000009
decision_type=2 2 2 2 2 2 2 2 2 2
left_child=1 3 -3 4 -1 -6 8 -5 -7 -4
right_child=-2 2 9 7 5 6 -8 -9 -10 -11
leaf_value=-0.013644666255319385 0.011763843998464661 -0.052929105997963015 -0.021119563845840943 -0.028557486815111978 -0.020738743270341489 -0.045118578238615224 -0.029641378534235069 -0.015594538818636809 -0.054647060577363051 -0.023426430835886608
leaf_weight=0.084813748952001666 2.1311275656335056 0.13614266877993941 0.022120125591754913 0.094898146111518145 0.048261835472658277 0.078066380228847265 0.084768861765041947 0.096886199899017811 0.079809308517724276 0.026543968124315143
leaf_count=22 27 39 25 22 34 24 33 25 30 19
internal_value=-9.56606e-10 -0.0333243 -0.0448842 -0.0295599 -0.0334142 -0.039178 -0.0428456 -0.0220088 -0.0499354 -0.0223779
internal_weight=2.88344 0.752311 0.184807 0.567504 0.37572 0.290906 0.242645 0.191784 0.157876 0.0486641
internal_count=300 273 83 190 143 121 87 47 54 44
is_linear=0
shrinkage=0.05


Tree=50
num_leaves=12
num_cat=0
split_feature=1 4 4 4 1 1 4 1 4 4 2
split_gain=0.421663 0.0114604 0.0120808 0.0062793 0.0157099 0.00763106 0.00407205 0.00274954 0.0013043 0.00128447 3.47423e-05
threshold=0.59950000000000003 0.35750000000000004 0.38250000000000006 0.33750000000000008 0.43450000000000005 0.5505000000000001 0.31250000000000006 0.47950000000000004 0.32750000000000007 0.29750000000000004 7.5000000000000009
decision_type=2 2 2 2 2 2 2 2 2 2 2
left_child=1 3 -3 4 -1 6 9 -5 -8 -6 -4
right_child=-2 2 10 7 5 -7 8 -9 -10 -11 -12
leaf_value=-0.014142550619622142 0.01125616458563947 -0.052108739986194169 -0.020948373232127147 -0.028196696420321427 -0.046130720587256237 -0.024021782137194934 -0.033117930797689009 -0.015991673768186346 -0.043122390835011432 -0.058679459433224404 -0.023684297808770103
leaf_weight=0.082090317737311458 2.1122450409457088 0.12860786146484315 0.021285331808030605 0.090908140875399113 0.040807038312777877 0.064702738774940372 0.064685992198064923 0.09371340274810791 0.065634803613647819 0.040761503507383168 0.025510238017886877
leaf_count=22 27 39 25 22 28 32 27 25 21 13 19
internal_value=-1.01058e-09 -0.0330813 -0.0441934 -0.0294938 -0.0333503 -0.039051 -0.0436403 -0.0220015 -0.0381566 -0.0524016 -0.0224398
internal_weight=2.83095 0.718707 0.175403 0.543304 0.358682 0.276592 0.211889 0.184622 0.130321 0.0815685 0.0467956
internal_count=300 273 83 190 143 121 89 47 48 41 44
is_linear=0
shrinkage=0.05


Tree=51
num_leaves=15
num_cat=0
split_feature=4 0 0 0 4 4 0 1 1 4 4 4 1 4
split_gain=0.405814 0.55821 0.334316 0.1674 0.47453 0.0256577 0.0464262 0.00716744 0.0109637 0.0079808 0.00620692 0.000512594 0.00133755 1.12238e-06
threshold=0.36750000000000005 0.45000000000000007 0.45000000000000007 0.22500000000000003 0.37250000000000005 0.26750000000000007 1.0000000180025095e-35 0.45950000000000008 0.51650000000000007 0.33250000000000007 0.39750000000000008 0.28250000000000003 0.87100000000000011 0.33250000000000007
decision_type=2 2 2 2 2 2 2 2 2 2 2 2 2 2
left_child=2 3 5 4 -2 -1 7 -7 -9 -10 -6 -8 13 -13
right_child=1 -3 -4 -5 10 6 11 8 9 -11 -12 12 -14 -15
leaf_value=-0.020891603436200421 0.056002860323199503 -0.024978327806387205 0.0640475310494973 0.058265149182715692 -0.026814925003782988 -0.021712757058283415 -0.063216513176476849 -0.042665784136517518 -0.035828933878050369 -0.012454810245280392 -0.042698565096934267 -0.051133800548025049 -0.063334622274301505 -0.05163809891641441
leaf_weight=0.35689830593764804 0.35833023488521554 0.55841522337868799 0.10004875808954228 0.48758375272154808 0.14757606480270624 0.17624287190847099 0.075307451188564301 0.17584906483534724 0.072975247632712126 0.073099893284961581 0.10545793944038451 0.023574291495606303 0.0493934266269207 0.020740063162520528
leaf_count=20 6 9 21 18 22 42 2 37 22 18 25 32 1 25
internal_value=-9.44844e-10 0.0157287 -0.0231897 0.0364135 0.018986 -0.0317125 -0.0375009 -0.0298184 -0.0342559 -0.0241319 -0.0334348 -0.0601449 -0.0576765 -0.0513698
internal_weight=2.78149 1.65736 1.12413 1.09895 0.611364 1.02408 0.667182 0.498167 0.321924 0.146075 0.253034 0.169015 0.0937078 0.0443144
internal_count=300 80 220 71 53 199 179 119 77 40 47 60 58 57
is_linear=0
shrinkage=0.05


Tree=52
num_leaves=11
num_cat=0
split_feature=1 4 4 4 1 2 1 1 1 2
split_gain=0.371225 0.0130285 0.0139416 0.00550543 0.0165377 0.00744327 0.00778827 0.0038183 0.00131567 0.000150558
threshold=0.59950000000000003 0.35750000000000004 0.38250000000000006 0.33750000000000008 0.43450000000000005 11.500000000000002 0.53850000000000009 0.46950000000000003 0.47150000000000003 7.5000000000000009
decision_type=2 2 2 2 2 2 2 2 2 2
left_child=1 3 -3 4 -1 -6 8 -5 -7 -4
right_child=-2 2 9 7 5 6 -8 -9 -10 -11
leaf_value=-0.011624904596471934 0.010965937897585772 -0.053416624205551891 -0.01713764655414117 -0.029715720098293926 -0.019016984711302067 -0.044065656372396747 -0.028880661246346657 -0.014626506913359786 -0.053809613947192442 -0.023040908338050441
leaf_weight=0.076315109152347183 1.9580694078467784 0.11903880815953016 0.019789390033110976 0.07269984157755971 0.042362751206383109 0.068908536108210683 0.074075870215892792 0.099042070098221302 0.069667479139752686 0.023779474198818207
leaf_count=22 27 39 25 18 34 24 33 29 30 19
internal_value=-1.3261e-09 -0.0322559 -0.0445594 -0.028279 -0.0320448 -0.0381557 -0.0419683 -0.0210139 -0.0489643 -0.0203596
internal_weight=2.62375 0.665679 0.162608 0.503072 0.33133 0.255015 0.212652 0.171742 0.138576 0.0435689
internal_count=300 273 83 190 143 121 87 47 54 44
is_linear=0
shrinkage=0.05


Tree=53
num_leaves=12
num_cat=0
split_feature=1 4 4 4 1 1 4 1 4 4 2
split_gain=0.346954 0.0115092 0.0126431 0.00491701 0.0155821 0.00660142 0.00421722 0.00315573 0.00178358 0.00120127 0.000157207
threshold=0.59950000000000003 0.35750000000000004 0.38250000000000006 0.33750000000000008 0.43450000000000005 0.5505000000000001 0.31250000000000006 0.46950000000000003 0.32750000000000007 0.29750000000000004 7.5000000000000009
decision_type=2 2 2 2 2 2 2 2 2 2 2
left_child=1 3 -3 4 -1 6 9 -5 -8 -6 -4
right_child=-2 2 10 7 5 -7 8 -9 -10 -11 -12
leaf_value=-0.011816486893818335 0.010501945731679767 -0.052658294872683635 -0.017153904580656413 -0.029322459842387891 -0.045681437683644757 -0.023099311182946738 -0.030434852965048494 -0.015330362192677964 -0.042864796742919965 -0.058727382411797827 -0.023297663646070596
leaf_weight=0.074213802348822688 1.9420016352087257 0.11237180640455335 0.019113882910460234 0.069689048686996102 0.035414570476859808 0.056956915650516748 0.057560327462852001 0.095545458141714334 0.057880103006027639 0.035167655092664063 0.022871258435770869
leaf_count=22 27 39 25 18 28 32 27 29 21 13 19
internal_value=-4.15884e-10 -0.0320278 -0.0439114 -0.0282255 -0.0318688 -0.0379934 -0.0425537 -0.0212316 -0.036667 -0.0521816 -0.0205007
internal_weight=2.57879 0.636785 0.154357 0.482428 0.317193 0.24298 0.186023 0.165235 0.11544 0.0705822 0.0419851
internal_count=300 273 83 190 143 121 89 47 48 41 44
is_linear=0
shrinkage=0.05


Tree=54
num_leaves=14
num_cat=0
split_feature=4 0 0 4 4 0 1 1 4 4 4 4 4
split_gain=0.335186 0.497055 0.14837 0.416529 0.135673 0.0402395 0.00684018 0.00694221 0.00631205 0.00579333 0.00337819 0.00196209 0.00193145
threshold=0.36750000000000005 0.45000000000000007 0.22500000000000003 0.37250000000000005 0.23750000000000002 0.3665000000000001 0.44750000000000006 0.51650000000000007 0.39750000000000008 0.32750000000000007 0.33750000000000008 0.33250000000000007 0.32250000000000006
decision_type=2 2 2 2 2 2 2 2 2 2 2 2 2
left_child=4 2 3 -2 -1 6 11 10 -5 -9 12 -6 -8
right_child=1 -3 -4 8 5 -7 7 9 -10 -11 -12 -13 -14
leaf_value=0.0028361180266213023 0.055260146866641692 -0.024257877040558342 0.057699990365163246 -0.025328419270451576 -0.015817060135846831 -0.06261446630567713 -0.039772825311653749 -0.033839779678836876 -0.042004546777694725 -0.016810006945286605 -0.032864015868527094 -0.027903729690393564 -0.05317779555597886
leaf_weight=0.35216426942497514 0.3251993181183932 0.52954314230009913 0.43318591872230172 0.13515535357873887 0.086869250517338514 0.11387386731803417 0.05944350513163954 0.12048034521285444 0.097808040911331773 0.085296473116613925 0.093493391526862979 0.054732871474698186 0.049039947800338268
leaf_count=10 6 9 18 22 32 21 26 37 25 38 19 20 17
internal_value=-1.46822e-09 0.0148519 0.035743 0.0187023 -0.0222457 -0.0355637 -0.0299565 -0.0332443 -0.0323298 -0.0267808 -0.0398295 -0.0204889 -0.0458325
internal_weight=2.53629 1.52089 0.991349 0.558163 1.01539 0.66323 0.549356 0.407754 0.232963 0.205777 0.201977 0.141602 0.108483
internal_count=300 80 71 53 220 210 189 137 47 75 62 52 43
is_linear=0
shrinkage=0.05


Tree=55
num_leaves=11
num_cat=0
split_feature=1 4 4 4 1 2 1 1 1 2
split_gain=0.308982 0.0110623 0.0138886 0.00448103 0.0136981 0.00647383 0.00681299 0.00304125 0.00119094 0.000369455
threshold=0.59950000000000003 0.35750000000000004 0.38250000000000006 0.33750000000000008 0.43450000000000005 11.500000000000002 0.53850000000000009 0.46950000000000003 0.47150000000000003 7.5000000000000009
decision_type=2 2 2 2 2 2 2 2 2 2
left_child=1 3 -3 4 -1 -6 8 -5 -7 -4
right_child=-2 2 9 7 5 6 -8 -9 -10 -11
leaf_value=-0.011750129706348329 0.010237275541145383 -0.052747254893895791 -0.012808108465581098 -0.028839060539231149 -0.018072385773890823 -0.042951638601874377 -0.027894328329402324 -0.014563789968529939 -0.052864186028993024 -0.022500589785503788
leaf_weight=0.07001630496233735 1.8151136687956748 0.10595966421533376 0.018247590865939856 0.063976988662034273 0.037307275692000985 0.060596578055992723 0.065500874305143952 0.089509795885533094 0.060607594903558493 0.02131767338141799
leaf_count=22 27 39 25 18 34 24 33 29 30 19
internal_value=-2.75913e-09 -0.0313332 -0.0433084 -0.027439 -0.0310539 -0.0370874 -0.0408869 -0.0205141 -0.0479084 -0.0180304
internal_weight=2.40815 0.59304 0.145525 0.447515 0.294029 0.224012 0.186705 0.153487 0.121204 0.0395653
internal_count=300 273 83 190 143 121 87 47 54 44
is_linear=0
shrinkage=0.05


Tree=56
num_leaves=12
num_cat=0
split_feature=1 4 4 4 1 1 4 1 4 1 2
split_gain=0.289266 0.00946832 0.0131567 0.00409489 0.0125359 0.00596319 0.00429007 0.00159781 0.00144001 0.00118715 0.000462288
threshold=0.59950000000000003 0.35750000000000004 0.38250000000000006 0.33750000000000008 0.43450000000000005 0.5505000000000001 0.31250000000000006 0.47950000000000004 0.32750000000000007 0.49650000000000005 7.5000000000000009
decision_type=2 2 2 2 2 2 2 2 2 2 2
left_child=1 3 -3 4 -1 6 9 -5 -8 -6 -4
right_child=-2 2 10 7 5 -7 8 -9 -10 -11 -12
leaf_value=-0.01225522631943874 0.0098122953372137625 -0.051995588868998202 -0.011757665259285469 -0.026117024029261884 -0.059200097015774111 -0.021941924049848481 -0.029333456273700872 -0.015708249589592303 -0.041239658434967637 -0.045298848249114176 -0.022738986874729965
leaf_weight=0.067917505977675652 1.8013060539960859 0.10027914890088141 0.017977319657802582 0.070735346060246229 0.029610761906951666 0.050734404474496841 0.051026006578467786 0.077008293475955725 0.050558747141622007 0.031907244585454464 0.020527277141809464
leaf_count=22 27 39 25 22 20 32 27 25 21 21 19
internal_value=-1.19752e-10 -0.0311024 -0.0424561 -0.0274337 -0.030969 -0.0369128 -0.0415696 -0.0206917 -0.0352592 -0.05199 -0.0176119
internal_weight=2.36959 0.568282 0.138784 0.429498 0.281755 0.213837 0.163103 0.147744 0.101585 0.061518 0.0385046
internal_count=300 273 83 190 143 121 89 47 48 41 44
is_linear=0
shrinkage=0.05


Tree=57
num_leaves=16
num_cat=0
split_feature=4 0 0 0 4 4 0 1 1 4 4 1 4 1 4
split_gain=0.281033 0.454395 0.258751 0.129519 0.369294 0.0234027 0.0395861 0.00704924 0.00663873 0.00619408 0.00603146 0.00194384 0.000306856 0.000851689 7.19305e-07
threshold=0.36750000000000005 0.45000000000000007 0.45000000000000007 0.22500000000000003 0.37250000000000005 0.26750000000000007 1.0000000180025095e-35 0.43850000000000006 0.51650000000000007 0.33250000000000007 0.39750000000000008 0.47150000000000003 0.28250000000000003 0.87100000000000011 0.33250000000000007
decision_type=2 2 2 2 2 2 2 2 2 2 2 2 2 2 2
left_child=2 3 5 4 -2 -1 7 -7 11 -10 -6 -9 -8 14 -14
right_child=1 -3 -4 -5 10 6 12 8 9 -11 -12 -13 13 -15 -16
leaf_value=-0.01882901429840448 0.054876837911774751 -0.023845022170837442 0.062969294845291637 0.057244818514125884 -0.023984420662360815 -0.016213883627312044 -0.061876638586223942 -0.031924455316151033 -0.034325957954996919 -0.011232377754040455 -0.040972657722796499 -0.042344218973235787 -0.05093896589479599 -0.061922384408935507 -0.051404428937931193
leaf_weight=0.31467709969729218 0.29870200948789694 0.50535231945104897 0.082838064059615135 0.38688757736235857 0.12451904220506549 0.095880369655787945 0.061852820217609406 0.079796044738031924 0.056548731634393334 0.059678906691260636 0.090019042370840907 0.10194043209776282 0.017347306478768587 0.041121151298284531 0.01591472583822906
leaf_count=20 6 9 21 18 22 31 2 21 22 18 25 27 32 1 25
internal_value=-2.30403e-09 0.0140978 -0.0213608 0.0353997 0.0189326 -0.0296303 -0.0360424 -0.0280061 -0.0318007 -0.0224682 -0.0311126 -0.0377692 -0.0592744 -0.0571105 -0.0511617
internal_weight=2.33308 1.40548 0.927596 0.900128 0.51324 0.844758 0.53008 0.393844 0.297964 0.116228 0.214538 0.181736 0.136236 0.0743832 0.033262
internal_count=300 80 220 71 53 199 179 119 88 40 47 48 60 58 57
is_linear=0
shrinkage=0.05


Tree=58
num_leaves=11
num_cat=0
split_feature=1 4 4 4 1 2 1 1 4 1
split_gain=0.255875 0.00978711 0.0164882 0.00396004 0.0126482 0.0060149 0.00631683 0.00257009 0.00121764 0.000880146
threshold=0.59950000000000003 0.35750000000000004 0.38750000000000007 0.33750000000000008 0.43450000000000005 11.500000000000002 0.53850000000000009 0.46950000000000003 0.37250000000000005 0.47150000000000003
decision_type=2 2 2 2 2 2 2 2 2 2
left_child=1 3 8 4 -1 -6 9 -5 -3 -7
right_child=-2 2 -4 7 5 6 -8 -9 -10 -11
leaf_value=-0.010449496365935611 0.0095680872721854646 -0.046799993023428813 -0.010002636766434914 -0.027773296303085556 -0.016733944485809643 -0.042848745098728741 -0.026890355593548233 -0.013947649570523841 -0.057868952358556325 -0.051928396248566489
leaf_weight=0.062387804267928337 1.6761641118209807 0.052189047797583044 0.030403117183595896 0.057003955123946071 0.032844702713191509 0.053435033187270164 0.05804412835277617 0.081919766962528229 0.047420467715710402 0.053326990106143057
leaf_count=22 27 26 38 18 34 24 33 29 19 30
internal_value=-7.43058e-10 -0.0303184 -0.0422323 -0.026436 -0.030077 -0.0362723 -0.0401662 -0.0196207 -0.0520695 -0.047384
internal_weight=2.20514 0.528975 0.130013 0.398962 0.260039 0.197651 0.164806 0.138924 0.0996095 0.106762
internal_count=300 273 83 190 143 121 87 47 45 54
is_linear=0
shrinkage=0.05


Tree=59
num_leaves=12
num_cat=0
split_feature=1 4 4 4 1 1 4 1 4 1 4
split_gain=0.240084 0.00847381 0.0154997 0.00379166 0.0116523 0.00526597 0.00412051 0.0022066 0.00132551 0.00114404 0.00103253
threshold=0.59950000000000003 0.35750000000000004 0.38750000000000007 0.33750000000000008 0.43450000000000005 0.5505000000000001 0.31250000000000006 0.46950000000000003 0.32750000000000007 0.49650000000000005 0.37250000000000005
decision_type=2 2 2 2 2 2 2 2 2 2 2
left_child=1 3 10 4 -1 6 9 -5 -8 -6 -3
right_child=-2 2 -4 7 5 -7 8 -9 -10 -11 -12
leaf_value=-0.011001111724248941 0.0091785812741974702 -0.04643954122765364 -0.0099735565387977579 -0.027381851565956856 -0.059309553566937338 -0.021258706583444337 -0.028276944968287133 -0.014331872843457974 -0.040410605384339465 -0.044724210636352624 -0.056921291944651245
leaf_weight=0.060573810711503362 1.6644440626259891 0.049657335155643523 0.029694568365812302 0.054716089041903615 0.026169827440753579 0.044910558965057135 0.045128874946385622 0.079394896514713764 0.044904376030899584 0.027649279974866658 0.044594154227524996
leaf_count=22 27 26 38 18 20 32 27 29 21 21 19
internal_value=-1.78093e-09 -0.0301092 -0.0414743 -0.0264356 -0.030082 -0.0362051 -0.0408713 -0.0196561 -0.0343286 -0.0518164 -0.0513989
internal_weight=2.17184 0.507394 0.123946 0.383448 0.249337 0.188763 0.143852 0.134111 0.0900333 0.0538191 0.0942515
internal_count=300 273 83 190 143 121 89 47 48 41 45
is_linear=0
shrinkage=0.05


Tree=60
num_leaves=14
num_cat=0
split_feature=4 0 0 4 4 0 4 1 1 1 4 4 1
split_gain=0.232906 0.407304 0.115457 0.325063 0.104548 0.0347051 0.00621054 0.00603428 0.00579773 0.00607932 0.00565316 0.00402266 0.00157726
threshold=0.36750000000000005 0.45000000000000007 0.22500000000000003 0.37250000000000005 0.23750000000000002 0.3665000000000001 0.39750000000000008 0.44750000000000006 0.51650000000000007 0.49650000000000005 0.33250000000000007 0.32750000000000007 0.42350000000000004
decision_type=2 2 2 2 2 2 2 2 2 2 2 2 2
left_child=4 2 3 -2 -1 7 -5 12 9 10 -9 -10 -6
right_child=1 -3 -4 6 5 -7 -8 8 11 -11 -12 -13 -14
leaf_value=0.0027400409669852402 0.054168324959041281 -0.0231540991933421 0.056752940576770161 -0.02250038155637658 -0.023782983919902745 -0.06140934087068381 -0.040435025545564079 -0.043465570968238193 -0.031362725453396106 -0.052629787922873261 -0.020826244835830631 -0.015605569413107237 -0.011983420818583447
leaf_weight=0.30817519873380694 0.27177623379975535 0.48171872226521373 0.34591261483728886 0.11393819993827492 0.057754972949624062 0.093968627974390984 0.083753515733405948 0.052709204785060138 0.098196083912625909 0.050023026531562209 0.057824611896649003 0.068940705386921763 0.055571961565874517
leaf_count=10 6 9 18 22 23 21 25 24 37 17 21 38 29
internal_value=4.32424e-10 0.0132983 0.034834 0.0186838 -0.0204577 -0.0338206 -0.0300985 -0.0279422 -0.0313816 -0.0381672 -0.031622 -0.0248632 -0.0179968
internal_weight=2.14026 1.2971 0.815381 0.469468 0.843164 0.534989 0.197692 0.441021 0.327694 0.160557 0.110534 0.167137 0.113327
internal_count=300 80 71 53 220 210 47 189 137 62 45 75 52
is_linear=0
shrinkage=0.05


Tree=61
num_leaves=11
num_cat=0
split_feature=1 4 4 4 1 2 1 1 4 1
split_gain=0.215717 0.00880691 0.0151462 0.00361039 0.0108603 0.00532274 0.0050682 0.00210443 0.000887171 0.000771714
threshold=0.59950000000000003 0.35750000000000004 0.38750000000000007 0.33750000000000008 0.43450000000000005 11.500000000000002 0.53850000000000009 0.46950000000000003 0.37250000000000005 0.47150000000000003
decision_type=2 2 2 2 2 2 2 2 2 2
left_child=1 3 8 4 -1 -6 9 -5 -3 -7
right_child=-2 2 -4 7 5 6 -8 -9 -10 -11
leaf_value=-0.010464817091099926 0.0089678108745847151 -0.046916825856160554 -0.0093497884479397837 -0.02663348147685515 -0.015935739842698918 -0.041810622165730144 -0.026804552938198185 -0.013471327972155268 -0.056963040048802684 -0.050844800655911071
leaf_weight=0.057242670096457338 1.5611561785917727 0.046372420969419181 0.027800181414932013 0.051332063507288694 0.028860896360129118 0.047503386856988072 0.051440550712868571 0.074360104976221919 0.041770556126721203 0.047052571957465261
leaf_count=22 27 26 38 18 34 24 33 29 19 30
internal_value=1.16994e-09 -0.0295527 -0.0415285 -0.0256719 -0.029368 -0.0355563 -0.039435 -0.0188467 -0.0516777 -0.0463062
internal_weight=2.03489 0.473735 0.115943 0.357792 0.2321 0.174857 0.145997 0.125692 0.088143 0.094556
internal_count=300 273 83 190 143 121 87 47 45 54
is_linear=0
shrinkage=0.05


Tree=62
num_leaves=12
num_cat=0
split_feature=1 4 4 4 1 1 4 1 1 1 4
split_gain=0.202587 0.00798961 0.0136612 0.00336913 0.00990954 0.00474115 0.00404245 0.00180789 0.00160479 0.00103422 0.000772793
threshold=0.59950000000000003 0.35750000000000004 0.38750000000000007 0.33750000000000008 0.43450000000000005 0.5505000000000001 0.31250000000000006 0.46950000000000003 0.47150000000000003 0.49650000000000005 0.37250000000000005
decision_type=2 2 2 2 2 2 2 2 2 2 2
left_child=1 3 10 4 -1 6 9 -5 -8 -6 -3
right_child=-2 2 -4 7 5 -7 8 -9 -10 -11 -12
leaf_value=-0.010939553036353501 0.0086077178650295003 -0.046474328483028612 -0.010072027969157162 -0.026253195810600025 -0.059227982538634351 -0.020342985039148664 -0.025606874678120541 -0.013833552045208692 -0.03979251776977185 -0.044419305139121068 -0.056108460344904534
leaf_weight=0.055623941356316542 1.550944904098287 0.044149078661575913 0.026943237753584981 0.049348031869158149 0.022992951388005167 0.040275589795783162 0.037306265207007527 0.072132417699322104 0.042821503011509776 0.024198524071834981 0.039383167400956154
leaf_count=22 27 26 38 18 20 32 22 29 26 21 19
internal_value=-1.22444e-09 -0.0293296 -0.0410308 -0.0255794 -0.0292261 -0.0352953 -0.0400252 -0.0188787 -0.0331879 -0.0516345 -0.0510166
internal_weight=2.00612 0.455175 0.110475 0.344699 0.223219 0.167595 0.127319 0.12148 0.0801278 0.0471915 0.0835322
internal_count=300 273 83 190 143 121 89 47 48 41 45
is_linear=0
shrinkage=0.05


Tree=63
num_leaves=13
num_cat=0
split_feature=2 1 1 0 0 4 4 1 4 1 4 4
split_gain=0.202635 0.631137 0.133298 0.106382 0.00808114 0.00455891 0.00416177 0.00469834 0.0143323 0.00708701 1.28513e-06 2.84371e-07
threshold=3.5000000000000004 0.59950000000000003 0.7340000000000001 0.3665000000000001 1.0000000180025095e-35 0.31750000000000006 0.35750000000000004 0.43850000000000006 0.33750000000000008 0.49950000000000006 0.34750000000000003 0.32250000000000006
decision_type=2 2 2 2 2 2 2 2 2 2 2 2
left_child=2 4 3 5 6 -1 7 -2 9 -9 11 -6
right_child=1 -3 -4 -5 10 -7 -8 8 -10 -11 -12 -13
leaf_value=-0.016554374100927152 -0.011589244789567948 0.059776289988472266 -0.0024877987508299115 -0.065493185225287257 -0.050670480212944173 0.00075756773318891323 -0.036147738008542124 -0.049057709370473823 -0.0098953116056835141 -0.02496401914574134 -0.051532287980878604 -0.05106339713849431
leaf_weight=0.093879777705296652 0.067624266957864276 0.43999816756695509 0.8184440634213388 0.18402722477912903 0.0072575201629661015 0.063921764260157943 0.077357668778859079 0.063472493377048522 0.076655688928440213 0.058790202136151493 0.015058618155308068 0.012599189940374345
leaf_count=26 22 4 19 10 24 24 36 23 21 28 31 32
internal_value=-6.63227e-10 0.019045 -0.0134402 -0.0396638 -0.0282647 -0.00954171 -0.0259378 -0.0229746 -0.0268451 -0.0374722 -0.051184 -0.0509198
internal_weight=1.97909 0.818814 1.16027 0.341829 0.378816 0.157802 0.3439 0.266543 0.198918 0.122263 0.0349153 0.0198567
internal_count=300 221 79 60 217 50 130 94 72 51 87 56
is_linear=0
shrinkage=0.05


Tree=64
num_leaves=13
num_cat=0
split_feature=1 1 4 4 4 1 1 4 1 1 1 2
split_gain=0.226742 0.357272 0.00775839 0.0139878 0.00321818 0.00957843 0.0048101 0.00384636 0.00120048 0.000971737 0.000820858 0.000379578
threshold=0.83650000000000013 0.59950000000000003 0.35750000000000004 0.38750000000000007 0.33750000000000008 0.43450000000000005 0.5505000000000001 0.31250000000000006 0.47150000000000003 0.49650000000000005 0.49950000000000006 14.000000000000002
decision_type=2 2 2 2 2 2 2 2 2 2 2 2
left_child=1 2 4 11 5 -1 7 9 -9 -7 -6 -4
right_child=-2 -3 3 -5 10 6 -8 8 -10 -11 -12 -13
leaf_value=-0.0099376681091726798 -0.032219758709575906 0.026552603750429955 -0.054380514146119344 -0.0079584316613549293 -0.013952320830888681 -0.058880943727691239 -0.018697983985633593 -0.02556995993840035 -0.038153113195465271 -0.04386841395489794 -0.02233441715102882 -0.04736514042704195
leaf_weight=0.054693258600309269 0.42017621570266794 0.96830113418400288 0.034570940304547548 0.025718816323205829 0.065815089037641883 0.020719602063763887 0.037875478155910969 0.034913642215542495 0.041467662085779011 0.022467395639978349 0.052512678550556302 0.043597040523309261
leaf_count=22 12 15 26 38 24 20 32 22 26 21 23 19
internal_value=9.48398e-10 0.0096517 -0.0280255 -0.0399439 -0.0242788 -0.0279639 -0.0342259 -0.0391447 -0.0324014 -0.0510709 -0.0176722 -0.0504678
internal_weight=1.82283 1.40265 0.434352 0.103887 0.330465 0.212137 0.157444 0.119568 0.0763813 0.043187 0.118328 0.078168
internal_count=300 288 273 83 190 143 121 89 48 41 47 45
is_linear=0
shrinkage=0.05


Tree=65
num_leaves=12
num_cat=0
split_feature=1 4 4 4 1 1 4 1 1 1 4
split_gain=0.166577 0.00726938 0.0124378 0.00287371 0.00837606 0.00419634 0.00365241 0.00180868 0.00097304 0.000693765 0.000481009
threshold=0.59950000000000003 0.35750000000000004 0.38750000000000007 0.33750000000000008 0.43450000000000005 0.5505000000000001 0.31250000000000006 0.47150000000000003 0.49650000000000005 0.47950000000000004 0.37250000000000005
decision_type=2 2 2 2 2 2 2 2 2 2 2
left_child=1 3 10 4 -1 6 8 -8 -6 -5 -3
right_child=-2 2 -4 9 5 -7 7 -9 -10 -11 -12
leaf_value=-0.010537766451706711 0.0082152686248858839 -0.046297548135913483 -0.0090574317766174781 -0.022019780771828572 -0.058758713113522647 -0.01906541523377718 -0.023449711923835128 -0.039309850824052722 -0.04321170549235423 -0.014131952698976661 -0.05438087510622916
leaf_weight=0.051943379919976107 1.4006153754889963 0.039463285414967686 0.024652055813930929 0.052428613649681211 0.019369093351997435 0.036255086190067232 0.033761842525564134 0.038445019687060267 0.020949450845364481 0.059527256526052952 0.034487582684960216
leaf_count=22 27 26 38 22 20 32 22 26 21 25 19
internal_value=1.40869e-09 -0.0279769 -0.0398143 -0.0242441 -0.0278239 -0.033859 -0.0386254 -0.0318941 -0.0506805 -0.0178258 -0.0500673
internal_weight=1.8119 0.411283 0.0986029 0.31268 0.200724 0.14878 0.112525 0.0722069 0.0403185 0.111956 0.0739509
internal_count=300 273 83 190 143 121 89 48 41 47 45
is_linear=0
shrinkage=0.05


Tree=66
num_leaves=12
num_cat=0
split_feature=2 1 1 4 2 4 1 1 4 4 1
split_gain=0.177127 0.532234 0.0970816 0.0964713 0.00778906 0.009481 0.00898762 0.00332463 0.00900774 0.0034866 0.00203984
threshold=3.5000000000000004 0.59950000000000003 0.7340000000000001 0.33750000000000008 11.500000000000002 0.37250000000000005 0.49650000000000005 0.43850000000000006 0.31250000000000006 0.33750000000000008 0.49950000000000006
decision_type=2 2 2 2 2 2 2 2 2 2 2
left_child=2 4 3 -1 6 7 -2 -6 -9 10 -10
right_child=1 -3 -4 -5 5 -7 -8 8 9 -11 -12
leaf_value=-0.010855856734983531 0.015935880660147974 0.058838752539527521 -0.0034541354663386414 -0.067304399433204681 -0.016776105979626723 -0.054028546841247298 -0.030433102096579231 -0.051242876737867239 -0.040227878071381076 -0.017181497859500464 -0.023773078294751761
leaf_weight=0.16395200556144096 0.021715388516895584 0.3899634713307023 0.75203724903985858 0.1405951683409512 0.069252596877049655 0.034580326406285167 0.020144797104876488 0.038390893081668764 0.037832091562449932 0.083046681131236255 0.037506732507608831
leaf_count=33 24 4 19 27 31 22 21 28 25 37 29
internal_value=1.5959e-09 0.0188961 -0.013099 -0.0369155 -0.0265858 -0.0293996 -0.00637873 -0.0261982 -0.0295141 -0.0242473 -0.032036
internal_weight=1.78902 0.732433 1.05658 0.304547 0.34247 0.300609 0.0418602 0.266029 0.196776 0.158386 0.0753388
internal_count=300 221 79 60 217 172 45 150 119 91 54
is_linear=0
shrinkage=0.05


Tree=67
num_leaves=13
num_cat=0
split_feature=1 1 0 4 2 1 4 1 1 4 1 1
split_gain=0.238606 0.315906 0.00695576 0.00669733 0.00452953 0.00237443 0.00806717 0.00470919 0.00054663 7.59761e-07 1.53552e-07 1.3318e-07
threshold=0.83650000000000013 0.59950000000000003 1.0000000180025095e-35 0.35750000000000004 11.500000000000002 0.43850000000000006 0.33750000000000008 0.53850000000000009 0.47150000000000003 0.33250000000000007 0.55150000000000021 0.53250000000000008
decision_type=2 2 2 2 2 2 2 2 2 2 2 2
left_child=1 2 3 5 -5 -1 7 8 -7 11 -11 -4
right_child=-2 -3 9 4 -6 6 -8 -9 -10 10 -12 -13
leaf_value=-0.01427790638248351 -0.034367237305008638 0.026904359624560038 -0.050504000102005134 -0.024403154015360359 -0.04795123922455774 -0.034973496727533207 -0.011933423753437249 -0.018522703068946884 -0.043259676462843594 -0.051377640361482749 -0.051083024056012477 -0.050862750304340877
leaf_weight=0.080970260314643161 0.3875574921257795 0.88782379031181335 0.0049069625674746931 0.036252418358344585 0.046763355552684516 0.036189241276588291 0.078189583262428641 0.03991696098819375 0.044227355450857431 0.0089459925657138228 0.0087467832490801811 0.0054717273451387882
leaf_count=30 12 15 30 34 18 14 23 26 27 42 14 15
internal_value=5.58156e-10 0.0104187 -0.0270547 -0.0251979 -0.037668 -0.0214941 -0.0244373 -0.032562 -0.0395307 -0.0510328 -0.051232 -0.0506931
internal_weight=1.66596 1.2784 0.390581 0.362509 0.0830158 0.279493 0.198523 0.120334 0.0804166 0.0280715 0.0176928 0.0103787
internal_count=300 288 273 172 52 120 90 67 41 101 56 45
is_linear=0
shrinkage=0.05


Tree=68
num_leaves=12
num_cat=0
split_feature=2 1 1 4 2 4 1 1 4 1 4
split_gain=0.146235 0.468397 0.0904358 0.0870212 0.00772334 0.0102171 0.00836721 0.00266293 0.00407473 0.0052483 0.00209901
threshold=3.5000000000000004 0.59950000000000003 0.7340000000000001 0.33750000000000008 11.500000000000002 0.37250000000000005 0.49650000000000005 0.47150000000000003 0.33750000000000008 0.53850000000000009 0.33250000000000007
decision_type=2 2 2 2 2 2 2 2 2 2 2
left_child=2 4 3 -1 6 7 -2 10 9 -9 -6
right_child=1 -3 -4 -5 5 -7 -8 8 -10 -11 -12
leaf_value=-0.010530097558313654 0.016820232815615187 0.058072829400991358 -0.0026257603852232391 -0.066067845939191169 -0.013456171507102852 -0.054593855252444624 -0.029440440010370925 -0.051744253997582271 -0.019648565914370742 -0.025014376130320815 -0.026645192287764508
leaf_weight=0.15343846392352134 0.020959092769771814 0.34955842886120081 0.70286928885616362 0.13053788745310158 0.064290265319868922 0.032931826019193977 0.018316862930078059 0.034845655609387904 0.054755015065893531 0.038824797607958317 0.056835838826373219
leaf_count=33 24 4 19 27 31 22 21 30 28 33 28
internal_value=3.52968e-09 0.0180029 -0.0122467 -0.0360596 -0.025529 -0.0284175 -0.00475405 -0.0249632 -0.0299792 -0.0376574 -0.0196448
internal_weight=1.65816 0.671318 0.986846 0.283976 0.321759 0.282483 0.039276 0.249552 0.128425 0.0736705 0.121126
internal_count=300 221 79 60 217 172 45 150 91 63 59
is_linear=0
shrinkage=0.05


Tree=69
num_leaves=12
num_cat=0
split_feature=1 1 4 4 4 1 1 4 4 1 4
split_gain=0.190299 0.272699 0.00587336 0.0124248 0.00237866 0.00765712 0.00400988 0.00289107 0.00105558 0.000689061 0.000106071
threshold=0.83650000000000013 0.59950000000000003 0.35750000000000004 0.38750000000000007 0.33750000000000008 0.43850000000000006 0.5505000000000001 0.31250000000000006 0.37250000000000005 0.49950000000000006 0.32750000000000007
decision_type=2 2 2 2 2 2 2 2 2 2 2
left_child=1 2 4 8 5 -1 7 -7 -4 -6 -9
right_child=-2 -3 3 -5 9 6 -8 10 -10 -11 -12
leaf_value=-0.01068292485753543 -0.031701860131297249 0.025701573254595392 -0.042861873434455453 -0.0055292060572647234 -0.012858378433281113 -0.05022146963433264 -0.017566662046598576 -0.029461531969588856 -0.055781019058921903 -0.021145494458435811 -0.033680516803044423
leaf_weight=0.055561535235028492 0.36265337956137966 0.82070991210639477 0.034055675554554909 0.022364255855791271 0.05655119544826448 0.032662358891684562 0.031357764033600688 0.02768534334609285 0.029513347544707358 0.045078565599396825 0.032254134537652135
leaf_count=31 12 15 26 38 24 35 32 25 19 23 20
internal_value=1.02022e-09 0.00967911 -0.0261432 -0.037583 -0.0226466 -0.026107 -0.0330204 -0.0382535 -0.0488599 -0.0165342 -0.0317318
internal_weight=1.55045 1.18779 0.367084 0.0859333 0.281151 0.179521 0.12396 0.0926018 0.063569 0.10163 0.0599395
internal_count=300 288 273 83 190 143 112 80 45 47 45
is_linear=0
shrinkage=0.05


Tree=70
num_leaves=15
num_cat=0
split_feature=4 4 0 2 4 0 1 1 1 4 1 4 1 1
split_gain=0.147399 0.265681 0.143698 0.0550966 0.0392639 0.0343936 0.0259071 0.00550044 0.00400668 0.00358387 0.00166632 0.000142945 0.000418637 7.89293e-08
threshold=0.42750000000000005 0.36750000000000005 0.45000000000000007 3.5000000000000004 0.24750000000000003 1.0000000180025095e-35 0.7340000000000001 0.43850000000000006 0.51650000000000007 0.33250000000000007 0.47150000000000003 0.28250000000000003 0.87100000000000011 0.55150000000000021
decision_type=2 2 2 2 2 2 2 2 2 2 2 2 2 2
left_child=1 2 4 -3 -1 7 -5 -6 10 -10 -9 -7 13 -13
right_child=-2 3 -4 6 5 11 -8 8 9 -11 -12 12 -14 -15
leaf_value=-0.0058784110004180788 -0.031961155868315626 0.012157563275490467 0.059830302754430659 0.030670150064996005 -0.012086061061309373 -0.060782143986578031 0.057085709165098121 -0.027181230606098002 -0.030883682958644149 -0.0088663436202350704 -0.039173490563553848 -0.050737818836005838 -0.060577320060181988 -0.05094933238969554
leaf_weight=0.22078167344443478 0.29212140571326028 0.23218670580536127 0.058352449908852577 0.19578331202501431 0.075355585082434118 0.046415609307587147 0.17649350268766284 0.052506801788695157 0.034133607870899141 0.040308903611730784 0.064609901863150299 0.0097624153131619096 0.028932491317391396 0.0080456638243049383
leaf_count=10 18 17 21 43 33 3 2 22 25 18 30 39 1 18
internal_value=-1.7207e-09 0.00750725 -0.0149659 0.031272 -0.0224799 -0.0326593 0.0431936 -0.02353 -0.0280318 -0.0189618 -0.033797 -0.0588167 -0.0568649 -0.0508334
internal_weight=1.53579 1.24367 0.639205 0.604464 0.580853 0.360071 0.372277 0.266915 0.191559 0.0744425 0.117117 0.0931562 0.0467406 0.0178081
internal_count=300 282 220 62 199 189 45 128 95 43 52 61 58 57
is_linear=0
shrinkage=0.05


Tree=71
num_leaves=11
num_cat=0
split_feature=1 4 4 4 1 1 4 4 1 4
split_gain=0.117409 0.0079953 0.0125161 0.00153539 0.00610769 0.00287247 0.00394791 0.00129068 0.000759591 7.27547e-05
threshold=0.59950000000000003 0.35750000000000004 0.38750000000000007 0.33750000000000008 0.43850000000000006 0.5505000000000001 0.31250000000000006 0.37250000000000005 0.47950000000000004 0.32750000000000007
decision_type=2 2 2 2 2 2 2 2 2 2
left_child=1 3 7 4 -1 6 -6 -3 -5 -8
right_child=-2 2 -4 8 5 -7 9 -9 -10 -11
leaf_value=-0.0097519939616379156 0.0078533227482434562 -0.043035327561887778 -0.006122757540663451 -0.02079088773795278 -0.04955442826103832 -0.016786124675389934 -0.029144704586615579 -0.057384173125035166 -0.011792337087611154 -0.0255580319418546
leaf_weight=0.052227901527658216 1.1238382027950136 0.031703712709713727 0.021768547943793237 0.043976051500067115 0.03004378906916827 0.029305157950147986 0.025644647830631584 0.030992299900390208 0.050248395884409547 0.031513889087364078
leaf_count=31 27 26 38 22 35 32 25 19 25 20
internal_value=-9.71273e-10 -0.0254037 -0.038787 -0.0211049 -0.0239599 -0.0303291 -0.0348803 -0.0501283 -0.0159921 -0.0271672
internal_weight=1.47126 0.347424 0.0844646 0.26296 0.168735 0.116507 0.0872023 0.062696 0.0942244 0.0571585
internal_count=300 273 83 190 143 112 80 45 47 45
is_linear=0
shrinkage=0.05


Tree=72
num_leaves=14
num_cat=0
split_feature=4 4 4 2 0 1 1 1 4 1 4 1 4
split_gain=0.122359 0.212918 0.0943084 0.0618569 0.0331055 0.0265134 0.00488755 0.00330562 0.00298732 0.00180819 0.000103276 0.000340211 2.59066e-07
threshold=0.42750000000000005 0.36750000000000005 0.24750000000000003 3.5000000000000004 1.0000000180025095e-35 0.7340000000000001 0.43850000000000006 0.51650000000000007 0.33250000000000007 0.47150000000000003 0.28250000000000003 0.87100000000000011 0.33250000000000007
decision_type=2 2 2 2 2 2 2 2 2 2 2 2 2
left_child=1 2 -1 -3 6 -5 -4 9 -9 -8 -6 12 -12
right_child=-2 3 4 5 10 -7 7 8 -10 -11 11 -13 -14
leaf_value=0.0086651874544322934 -0.029865873988471466 0.007949046423345112 -0.011159235992168526 0.029211557187634553 -0.060014888602317885 0.056700227638016736 -0.024886992705484182 -0.029292530792477775 -0.0087012858673285089 -0.037716423387401041 -0.050582843729068384 -0.060035247146745602 -0.050984590244476651
leaf_weight=0.26659462065435924 0.27742027631029498 0.21613165456801653 0.072882131789810956 0.18981162004638463 0.042057321406900883 0.16309087909758091 0.050360760244075209 0.032305241096764803 0.038732042070478201 0.06040825234958902 0.00798036516061984 0.02610345184803009 0.0080713058123365045
leaf_count=13 18 17 33 43 4 2 22 25 18 30 41 1 33
internal_value=1.10195e-09 0.00705423 -0.0135833 0.0290141 -0.0310849 0.0419152 -0.0220989 -0.0264844 -0.0180655 -0.0318836 -0.0582619 -0.0565129 -0.0507849
internal_weight=1.45195 1.17453 0.605495 0.569034 0.338901 0.352902 0.254688 0.181806 0.0710373 0.110769 0.0842124 0.0421551 0.0160517
internal_count=300 282 220 62 207 45 128 95 43 52 79 75 74
is_linear=0
shrinkage=0.05


Tree=73
num_leaves=12
num_cat=0
split_feature=4 1 4 2 1 1 4 1 1 1 4
split_gain=0.118509 0.190899 0.00775163 0.00508346 0.00423565 0.00705375 0.00636293 0.00372083 0.00169945 0.00171079 0.000952366
threshold=0.42750000000000005 0.59950000000000003 0.35750000000000004 9.5000000000000018 0.41400000000000003 0.43850000000000006 0.33750000000000008 0.49950000000000006 0.57250000000000012 0.53850000000000009 0.31750000000000006
decision_type=2 2 2 2 2 2 2 2 2 2 2
left_child=1 2 4 -4 -1 -6 7 10 9 -9 -7
right_child=-2 -3 3 -5 5 6 -8 8 -10 -11 -12
leaf_value=-0.041457987925674684 -0.029407071317908786 0.020151377747010563 -0.022363088746676717 -0.049150253619419049 -0.0024053509839989571 -0.047402817966278016 -0.011524145349349138 -0.026691290132895663 -0.033262616247925307 -0.003812939196653833 -0.034297386341297073
leaf_weight=0.022891725180670397 0.27560002251993876 0.80883428687229753 0.028151416627224535 0.047756600892171264 0.050429118738975376 0.024581124947872013 0.06713502632919699 0.015400649834191427 0.019262410118244588 0.017406983184628189 0.031790960289072245
leaf_count=12 18 19 36 37 30 22 36 21 20 23 26
internal_value=7.69292e-10 0.00714917 -0.025229 -0.0392159 -0.0209633 -0.0188875 -0.0236215 -0.0311107 -0.021474 -0.0145526 -0.040012
internal_weight=1.40924 1.13364 0.324806 0.075908 0.248898 0.226006 0.175577 0.108442 0.05207 0.0328076 0.0563721
internal_count=300 282 263 73 190 178 148 112 64 44 48
is_linear=0
shrinkage=0.05


Tree=74
num_leaves=14
num_cat=0
split_feature=0 1 0 5 4 4 2 2 2 1 4 4 1
split_gain=0.323615 0.176837 0.283992 0.159149 0.00848217 0.0077541 0.00311911 0.00151715 0.00260436 0.00210279 0.00919295 0.00338624 0.000908786
threshold=0.55000000000000016 0.7340000000000001 0.45000000000000007 0.65000000000000013 0.35750000000000004 0.38250000000000006 7.5000000000000009 11.500000000000002 1.5000000000000002 0.43850000000000006 0.31250000000000006 0.33750000000000008 0.49950000000000006
decision_type=2 2 2 2 2 2 2 2 2 2 2 2 2
left_child=1 2 3 4 7 -6 -7 8 -1 -9 -11 12 -12
right_child=-2 -3 -4 -5 5 6 -8 9 -10 10 11 -13 -14
leaf_value=-0.024247156150905516 -0.086026236165976239 0.023774039894104568 -0.11028894034498633 0.028880881693148924 -0.049368716658648663 0.005536470444166045 -0.03378288079114615 -0.013570098540980758 5.9320804368308283e-05 -0.050593394469592691 -0.033056943256206159 -0.0099373972818456204 -0.020799605729971929
leaf_weight=0.021390823298133688 0.10159033536911022 0.70401529269292951 0.066643912927247584 0.24759542196989059 0.053803287213668227 0.010664412169717252 0.0095699952216818929 0.054117818363010883 0.0227314907242544 0.028451437072362751 0.03085425664903596 0.055358409765176475 0.029657426406629384
leaf_count=27 7 20 18 5 37 25 16 28 21 25 21 24 26
internal_value=-1.9562e-09 0.00654711 -0.0126781 -0.00114813 -0.0246322 -0.0394456 -0.0130599 -0.0201107 -0.0117246 -0.0219753 -0.0251271 -0.018874 -0.0270495
internal_weight=1.43644 1.33485 0.630839 0.564195 0.316599 0.0740377 0.0202344 0.242562 0.0441223 0.198439 0.144322 0.11587 0.0605117
internal_count=300 293 273 255 250 78 41 172 48 124 96 71 47
is_linear=0
shrinkage=0.05


Tree=75
num_leaves=11
num_cat=0
split_feature=1 1 4 4 4 1 1 2 1 1
split_gain=0.170422 0.199179 0.0109593 0.0133683 0.00258317 0.00161269 0.00531709 0.00180228 0.00222614 0.00324661
threshold=0.83650000000000013 0.59950000000000003 0.35750000000000004 0.38750000000000007 0.37250000000000005 0.53250000000000008 0.5505000000000001 3.5000000000000004 0.47950000000000004 0.43850000000000006
decision_type=2 2 2 2 2 2 2 2 2 2
left_child=1 2 5 4 -4 7 -7 -1 9 -9
right_child=-2 -3 3 -5 -6 6 -8 8 -10 -11
leaf_value=-0.027152796538824922 -0.03375417118834579 0.024730464649737469 -0.040672747764301097 -0.0041991177100593026 -0.061823848525847706 -0.042434092998249989 -0.012434613870819112 -0.0081657809774438421 -0.0027544850250021263 -0.025053134051166704
leaf_weight=0.027542296331375615 0.29049725690856587 0.69310371996834874 0.028025535284541547 0.020067021367140114 0.029768427484668791 0.025126606575213373 0.035835428105201572 0.056029076862614602 0.037902967625996098 0.057842835085466504
leaf_count=24 12 15 26 38 19 21 39 33 37 36
internal_value=1.05528e-09 0.00969647 -0.0230568 -0.0393591 -0.0515672 -0.0177741 -0.0247994 -0.0153857 -0.0132503 -0.0167439
internal_weight=1.30174 1.01124 0.31814 0.077861 0.057794 0.240279 0.060962 0.179317 0.151775 0.113872
internal_count=300 288 273 83 45 190 60 130 106 69
is_linear=0
shrinkage=0.05


Tree=76
num_leaves=11
num_cat=0
split_feature=1 1 0 4 4 4 4 1 1 4
split_gain=0.121936 0.17875 0.226084 0.148841 0.00669568 0.00492388 0.00463273 0.0031476 0.00319883 0.00272727
threshold=0.83650000000000013 0.7340000000000001 0.45000000000000007 0.37750000000000006 0.27750000000000008 0.31250000000000006 0.35750000000000004 0.43050000000000005 0.53250000000000008 0.33750000000000008
decision_type=2 2 2 2 2 2 2 2 2 2
left_child=1 2 3 4 -1 -6 7 -7 9 -9
right_child=-2 -3 -4 -5 5 6 -8 8 -10 -11
leaf_value=-0.0093326252641454284 -0.029270931171438055 0.034453570779521298 -0.12258881079811122 0.03697965281060598 -0.04116653302018123 -0.029941946759834255 -0.03812359341771783 -0.017519330177213077 -0.024910292792449051 -0.00023052987165921103
leaf_weight=0.12156452145427465 0.27701776986941695 0.39147943677380681 0.040898756124079227 0.17679607565514743 0.034617338300449774 0.03995992080308497 0.032590374408755451 0.044269019621424377 0.04490029311273247 0.047058987198397517
leaf_count=23 12 9 24 52 41 18 29 37 35 20
internal_value=4.61743e-10 0.00832387 -0.00923238 -0.000674779 -0.0189155 -0.0237017 -0.0208059 -0.0176026 -0.0139831 -0.00861085
internal_weight=1.25115 0.974135 0.582655 0.541757 0.36496 0.243396 0.208779 0.176188 0.136228 0.091328
internal_count=300 288 279 255 203 180 139 110 92 57
is_linear=0
shrinkage=0.05


Tree=77
num_leaves=15
num_cat=0
split_feature=2 1 4 1 1 1 1 2 4 1 1 4 4 1
split_gain=0.108834 0.306436 0.0401641 0.0297526 0.105011 0.0122182 0.00874707 0.00865921 0.0136289 0.00870706 0.00320246 0.0081816 0.00314371 0.000880754
threshold=3.5000000000000004 0.59950000000000003 0.24750000000000003 0.83650000000000013 0.7340000000000001 0.59350000000000003 0.48850000000000005 11.500000000000002 0.37250000000000005 0.49650000000000005 0.43850000000000006 0.31250000000000006 0.33750000000000008 0.49950000000000006
decision_type=2 2 2 2 2 2 2 2 2 2 2 2 2 2
left_child=2 7 -1 4 5 6 -4 9 10 -2 -9 -12 13 -13
right_child=1 -3 3 -5 -6 -7 -8 8 -10 -11 11 12 -14 -15
leaf_value=0.00400975521989296 0.025296132021596709 0.056435522180573766 -0.011098748244170573 -0.035532675079118642 0.014742510155542184 -0.069282799816024171 -0.060655324015617351 -0.009651948541672015 -0.057763480240998769 -0.026894404784181272 -0.04985388805650677 -0.033042298525216916 -0.010445596495277062 -0.020535661933123551
leaf_weight=0.22937880386598408 0.018554963287897408 0.2534731705673039 0.021615594974718988 0.20872062328271568 0.15650840289890766 0.051289581228047609 0.015141806099563837 0.053064411680679768 0.027447808388387784 0.014037242508493364 0.02524561868631281 0.028736121894326061 0.059656155412085354 0.027595451450906694
leaf_count=13 24 4 22 10 4 4 26 31 22 21 28 25 37 29
internal_value=7.5195e-11 0.0175285 -0.013039 -0.0216665 -0.00983211 -0.0535149 -0.031513 -0.0212463 -0.0247833 0.00281802 -0.0201243 -0.024059 -0.0184446 -0.0269156
internal_weight=1.19047 0.507811 0.682655 0.453276 0.244555 0.088047 0.0367574 0.254338 0.221746 0.0325922 0.194298 0.141233 0.115988 0.0563316
internal_count=300 221 79 66 56 52 48 217 172 45 150 119 91 54
is_linear=0
shrinkage=0.05


Tree=78
num_leaves=15
num_cat=0
split_feature=2 1 4 1 1 1 2 4 1 4 1 4 4 1
split_gain=0.0955389 0.287894 0.0366048 0.0255091 0.0802168 0.0154938 0.00842287 0.0157679 0.00808928 0.00507361 0.00276214 0.00811247 0.00226726 0.000463236
threshold=3.5000000000000004 0.59950000000000003 0.23750000000000002 0.83650000000000013 0.7340000000000001 0.59350000000000003 11.500000000000002 0.37250000000000005 0.49650000000000005 0.33750000000000008 0.43850000000000006 0.31250000000000006 0.33750000000000008 0.49950000000000006
decision_type=2 2 2 2 2 2 2 2 2 2 2 2 2 2
left_child=2 6 -1 4 5 9 8 10 -2 -4 -8 -12 13 -13
right_child=1 -3 3 -5 -6 -7 7 -9 -10 -11 11 12 -14 -15
leaf_value=0.0064340365698240245 0.024401378303863727 0.05610245289698991 -0.0087003017779347415 -0.033648150173387563 0.0088465751806009549 -0.067663748765711906 -0.0094556985778710759 -0.060143621156523934 -0.026230966620271197 -0.045824629752053619 -0.049299192758236521 -0.029022111650555973 -0.010499892215447969 -0.019903538425310018
leaf_weight=0.18242615088820457 0.018717044673394412 0.23783138860017061 0.020866406848654151 0.19717900990508497 0.1826684195548296 0.049896404263563454 0.052415231824852526 0.026866240426898003 0.013635158480610698 0.016465321183204651 0.024094695138046518 0.028652468405198306 0.058520854450762272 0.027102588675916195
leaf_count=10 24 4 26 10 5 4 31 22 21 24 28 25 37 29
internal_value=1.03061e-09 0.0167213 -0.0125592 -0.0199774 -0.00998994 -0.0494363 -0.0207425 -0.0242808 0.00306187 -0.0250741 -0.0192306 -0.0229334 -0.0173742 -0.0245896
internal_weight=1.13734 0.487836 0.649502 0.467076 0.269897 0.0872281 0.250004 0.217652 0.0323522 0.0373317 0.190786 0.138371 0.114276 0.0557551
internal_count=300 221 79 69 59 54 217 172 45 50 150 119 91 54
is_linear=0
shrinkage=0.05


Tree=79
num_leaves=13
num_cat=0
split_feature=2 1 4 0 0 2 4 1 1 4 1 1
split_gain=0.0822674 0.270034 0.0345055 0.0217257 0.0656915 0.00858466 0.0112845 0.00789764 0.00326866 0.00778216 0.00376228 0.00074631
threshold=3.5000000000000004 0.59950000000000003 0.23750000000000002 0.3665000000000001 0.22500000000000003 11.500000000000002 0.37250000000000005 0.49650000000000005 0.43850000000000006 0.33750000000000008 0.53850000000000009 0.47150000000000003
decision_type=2 2 2 2 2 2 2 2 2 2 2 2
left_child=2 5 -1 4 -4 7 8 -2 -7 10 11 -10
right_child=1 -3 3 -5 -6 6 -8 -9 9 -11 -12 -13
leaf_value=0.0069880550240826594 0.02371228154718806 0.055789157504410783 -0.032703297203348969 -0.028500766029622822 0.027113900861640634 -0.0095523552580874214 -0.05667700295933125 -0.026517776961622733 -0.036935600296290498 -0.010527394293658758 -0.019830630925611284 -0.049327973496857594
leaf_weight=0.17455207230523229 0.019199794391170144 0.22168499510735273 0.10339663526974618 0.26183726475574076 0.082537025213241577 0.051644348306581378 0.023994784918613732 0.013209330034442246 0.023892342316685244 0.05745907046366483 0.026541664788965136 0.024718791188206524
leaf_count=10 24 4 47 19 3 31 22 21 19 37 33 30
internal_value=-1.03941e-09 0.0159757 -0.0118689 -0.0192198 -0.0061501 -0.0206986 -0.024424 0.00323948 -0.0202238 -0.0243797 -0.0349707 -0.0432371
internal_weight=1.08467 0.462345 0.622323 0.447771 0.185934 0.24066 0.208251 0.0324091 0.184256 0.132612 0.0751528 0.0486111
internal_count=300 221 79 69 50 217 172 45 150 119 82 49
is_linear=0
shrinkage=0.05


Tree=80
num_leaves=14
num_cat=0
split_feature=1 1 0 1 4 4 1 4 1 4 4 4 1
split_gain=0.0889335 0.140136 0.0754616 0.120826 0.00557248 0.0103265 0.00244189 0.00690509 0.00782606 0.00235719 0.00233382 0.00111282 0.000293546
threshold=0.83650000000000013 0.7340000000000001 0.3665000000000001 0.59950000000000003 0.35750000000000004 0.38750000000000007 0.43850000000000006 0.34250000000000008 0.5505000000000001 0.31250000000000006 0.32250000000000006 0.37250000000000005 0.48550000000000004
decision_type=2 2 2 2 2 2 2 2 2 2 2 2 2
left_child=1 2 3 4 6 11 10 8 9 -8 -1 -6 -11
right_child=-2 -3 -4 -5 5 -7 7 -9 -10 12 -12 -13 -14
leaf_value=0.0018514752472787149 -0.0285664142862289 0.032998522544168872 -0.055585282080763292 0.034879149879201106 -0.03936457591183485 -0.0030518189886060928 -0.048477839388363315 -0.00088725494856121696 -0.0029560277456695937 -0.032612135818353788 -0.017684458614189266 -0.0551222596201595 -0.025737801283919861
leaf_weight=0.028228500857949257 0.21569439675658941 0.32537822052836418 0.074625256820581853 0.15040023811161518 0.022946139128180221 0.018970305914990604 0.021470169944223017 0.033872087253257632 0.026371522748377174 0.03185781670617871 0.033347523130942136 0.021895128913456574 0.030298967671114951
leaf_count=22 12 9 30 4 24 32 32 22 31 24 18 17 23
internal_value=-7.414e-10 0.00751726 -0.0092566 -0.00101826 -0.0210696 -0.0339761 -0.0170608 -0.020627 -0.0267055 -0.0341948 -0.00872854 -0.0470587 -0.0292612
internal_weight=1.03536 0.819662 0.494284 0.419658 0.269258 0.0638116 0.205447 0.143871 0.109998 0.083627 0.061576 0.0448413 0.0621568
internal_count=300 288 279 249 245 73 172 132 110 79 40 41 47
is_linear=0
shrinkage=0.05


Tree=81
num_leaves=13
num_cat=0
split_feature=1 1 1 1 4 4 1 4 1 4 4 1
split_gain=0.0732147 0.11709 0.0661337 0.126429 0.00557013 0.00991302 0.00270676 0.00701342 0.00769384 0.00209263 0.000808736 0.00034051
threshold=0.83650000000000013 0.7340000000000001 0.71150000000000013 0.59950000000000003 0.35750000000000004 0.38750000000000007 0.43850000000000006 0.34250000000000008 0.5505000000000001 0.31250000000000006 0.37250000000000005 0.48550000000000004
decision_type=2 2 2 2 2 2 2 2 2 2 2 2
left_child=1 2 3 4 6 10 -1 8 9 -8 -6 -11
right_child=-2 -3 -4 -5 5 -7 7 -9 -10 11 -12 -13
leaf_value=-0.0074192398678105459 -0.026465751696336876 0.030842375580735205 -0.04943754599218108 0.039296302720837409 -0.040022061762469904 -0.0027384975911103056 -0.048053030623089715 -0.00010154902004158434 -0.0027636874538036929 -0.033103427977782478 -0.053611391267473267 -0.025510029142520724
leaf_weight=0.059638676408212632 0.20693787536583841 0.31063591176643968 0.082096878439188004 0.13427357748150826 0.023475957510527223 0.018501702696084976 0.020270239474484697 0.033133776858448982 0.025807361234910786 0.030572421266697347 0.020516732998657972 0.028551712835906073
leaf_count=42 12 9 3 3 26 38 35 24 34 28 19 27
internal_value=1.055e-09 0.00695485 -0.00860664 -0.000114793 -0.0204315 -0.0334455 -0.0163234 -0.0201622 -0.0264803 -0.0341895 -0.0463597 -0.0294365
internal_weight=0.994413 0.787475 0.476839 0.394742 0.260469 0.0624944 0.197974 0.138336 0.105202 0.0793944 0.0439927 0.0591241
internal_count=300 288 279 276 273 83 190 148 124 90 45 55
is_linear=0
shrinkage=0.05


Tree=82
num_leaves=13
num_cat=0
split_feature=2 1 4 4 1 2 4 1 4 1 1 4
split_gain=0.0653616 0.222241 0.047483 0.0236593 0.0162454 0.0102468 0.00694094 0.00289755 0.00960864 0.00400644 0.0016969 0.00091176
threshold=3.5000000000000004 0.59950000000000003 0.24750000000000003 0.39750000000000008 0.81450000000000011 5.5000000000000009 0.35250000000000004 0.43850000000000006 0.33750000000000008 0.49950000000000006 0.56500000000000006 0.37750000000000006
decision_type=2 2 2 2 2 2 2 2 2 2 2 2
left_child=2 5 -1 4 -4 -2 7 -7 9 -9 -11 -8
right_child=1 -3 3 -5 -6 6 11 8 -10 10 -12 -13
leaf_value=0.0090789974824755804 0.016113520565008713 0.055083781612765864 -0.023194939938635115 -0.012817954519511444 -0.060130858206207921 -0.0068772915581917331 -0.032793894206785155 -0.045553975794647872 -0.0037526188269200625 -0.012500798152169769 -0.034991337752998196 -0.047748273679211778
leaf_weight=0.18937951396219432 0.01890828920295462 0.18792964657768607 0.065585038566496223 0.24218998430296779 0.054514076560735703 0.044723110448103398 0.019149781175656244 0.034633846240467392 0.044500880758278072 0.020851717461482622 0.014029699144884944 0.021790887170936912
leaf_count=13 20 4 39 24 3 31 29 36 24 31 20 26
internal_value=-9.34186e-10 0.0152127 -0.01121 -0.0218157 -0.0399605 -0.0190662 -0.0223975 -0.0176633 -0.0218941 -0.0335076 -0.0215467 -0.0407534
internal_weight=0.958186 0.406518 0.551669 0.362289 0.120099 0.218588 0.19968 0.158739 0.114016 0.0695153 0.0348814 0.0409407
internal_count=300 221 79 66 42 217 197 142 111 87 51 55
is_linear=0
shrinkage=0.05


Tree=83
num_leaves=14
num_cat=0
split_feature=4 4 4 2 0 1 1 4 1 4 1 4 4
split_gain=0.0589754 0.109824 0.0552365 0.0357829 0.0304544 0.018253 0.00672985 0.00321188 0.00274293 0.000170388 0.000121184 1.70299e-07 9.6006e-09
threshold=0.42750000000000005 0.36750000000000005 0.24750000000000003 3.5000000000000004 1.0000000180025095e-35 0.7340000000000001 0.43850000000000006 0.33750000000000008 0.49950000000000006 0.28250000000000003 0.87100000000000011 0.33250000000000007 0.32250000000000006
decision_type=2 2 2 2 2 2 2 2 2 2 2 2 2
left_child=1 2 -1 -3 6 -5 -4 8 -8 -6 11 12 -11
right_child=-2 3 4 5 9 -7 7 -9 -10 10 -12 -13 -14
leaf_value=0.0093514748514794636 -0.030379953146413535 0.0058363241154915924 -0.0026316737262021945 0.025457446595942471 -0.060223887029348999 0.054622873968489763 -0.039718784046040817 -0.014957246608571987 -0.019997578198078618 -0.050387391720198606 -0.057779452669261003 -0.050864067282789596 -0.050526353513340019
leaf_weight=0.18139814329333603 0.13610013981815428 0.1355148134753108 0.056491365423426032 0.11912660946836695 0.035256865434348583 0.097596797859296203 0.037766757115605287 0.062442353722872213 0.033070279692765325 0.0024726294650463387 0.014311478473246098 0.0053302849410101771 0.0024992412363644689
leaf_count=13 18 17 33 43 4 2 29 31 35 26 1 33 15
internal_value=1.35626e-10 0.00527874 -0.011646 0.0259898 -0.0269034 0.0385915 -0.0170943 -0.0232245 -0.0305119 -0.0579952 -0.0548028 -0.0506677 -0.0504572
internal_weight=0.919378 0.783278 0.431039 0.352238 0.249641 0.216723 0.189771 0.133279 0.070837 0.0598705 0.0246136 0.0103022 0.00497187
internal_count=300 282 220 62 207 45 128 95 64 79 75 74 41
is_linear=0
shrinkage=0.05


Tree=84
num_leaves=14
num_cat=0
split_feature=4 4 4 0 4 0 1 4 4 4 1 4 4
split_gain=0.0519411 0.0961778 0.0476751 0.0338449 0.110023 0.0288841 0.00563716 0.00234936 0.00249929 0.000127139 0.000100202 1.40393e-07 9.5229e-09
threshold=0.42750000000000005 0.36750000000000005 0.24750000000000003 0.22500000000000003 0.37250000000000005 1.0000000180025095e-35 0.43850000000000006 0.33750000000000008 0.31250000000000006 0.28250000000000003 0.87100000000000011 0.33250000000000007 0.32250000000000006
decision_type=2 2 2 2 2 2 2 2 2 2 2 2 2
left_child=1 2 -1 4 -3 6 -4 8 -8 -7 11 12 -11
right_child=-2 3 5 -5 -6 9 7 -9 -10 10 -12 -13 -14
leaf_value=0.0089016752442515681 -0.028764304935396834 0.047265337081755315 -0.0028438971662775024 0.041894006224700769 -0.030009314248458371 -0.05940529717331916 -0.041828792759941474 -0.014603713230788918 -0.021557528219301281 -0.050369493449371666 -0.057374249821009984 -0.050824491922762616 -0.050512635433053933
leaf_weight=0.1747029343387112 0.13346277608070523 0.096223748987540603 0.056454123114235699 0.15626488113775849 0.088362499780487269 0.031978007405996323 0.022244185864110477 0.061720721452729777 0.048051790974568576 0.0022837361466372386 0.012965417467057705 0.0049742657574824989 0.0023653658572584391
leaf_count=13 18 6 33 16 40 4 32 31 32 26 1 33 15
internal_value=-3.02552e-10 0.00506065 -0.0110211 0.0247701 0.0102735 -0.0253422 -0.0160674 -0.0217221 -0.0279721 -0.0573768 -0.0545052 -0.0506399 -0.0504423
internal_weight=0.892054 0.758592 0.417741 0.340851 0.184586 0.243038 0.188471 0.132017 0.070296 0.0545668 0.0225888 0.00962337 0.0046491
internal_count=300 282 220 62 46 207 128 95 64 79 75 74 41
is_linear=0
shrinkage=0.05


Tree=85
num_leaves=11
num_cat=0
split_feature=1 4 4 1 1 4 1 4 4 1
split_gain=0.0485059 0.00714556 0.0107869 0.00662687 0.00950864 0.00593671 0.00684173 0.00205653 0.000635844 0.000232716
threshold=0.59950000000000003 0.35750000000000004 0.38750000000000007 0.41400000000000003 0.43850000000000006 0.34250000000000008 0.5505000000000001 0.31250000000000006 0.37250000000000005 0.48550000000000004
decision_type=2 2 2 2 2 2 2 2 2 2
left_child=1 3 8 -1 -5 6 7 -6 -3 -9
right_child=-2 2 -4 4 5 -7 -8 9 -10 -11
leaf_value=-0.042614645358192628 0.0074789176076250907 -0.042102662805614421 -0.00091855459168975083 0.010789461515917927 -0.046200167870951436 0.0015415400909565701 -0.00036901454824171405 -0.029784482824718628 -0.054478158092109201 -0.023233333708493356
leaf_weight=0.018293438595719635 0.61383664980530739 0.02245633618440479 0.017351653892546892 0.038695160415954888 0.017641706595895812 0.030823100125417113 0.023652236792258918 0.027433753188233823 0.019299331441288814 0.026797658094437793
leaf_count=12 27 26 38 30 35 24 34 28 19 27
internal_value=1.62168e-09 -0.0189356 -0.0340533 -0.0140617 -0.0108969 -0.0175385 -0.023695 -0.0313712 -0.0478226 -0.0265473
internal_weight=0.856281 0.242444 0.0591073 0.183337 0.165044 0.126348 0.0955254 0.0718731 0.0417557 0.0542314
internal_count=300 273 83 190 178 148 124 90 45 55
is_linear=0
shrinkage=0.05


Tree=86
num_leaves=13
num_cat=0
split_feature=2 2 4 4 0 4 4 1 4 1 1 1
split_gain=0.0482894 0.186118 0.0348792 0.0291665 0.0679981 0.0130922 0.00781872 0.00221161 0.00788461 0.0036297 0.0019838 0.000880814
threshold=3.5000000000000004 5.5000000000000009 0.24750000000000003 0.43750000000000006 0.3665000000000001 0.39750000000000008 0.35250000000000004 0.43850000000000006 0.33750000000000008 0.49950000000000006 0.56500000000000006 0.52350000000000019
decision_type=2 2 2 2 2 2 2 2 2 2 2 2
left_child=2 -2 -1 4 5 -4 7 -3 9 -9 -11 -8
right_child=1 6 3 -5 -6 -7 11 8 -10 10 -12 -13
leaf_value=0.0082724321482840583 0.050894189840828087 -0.0062645399541822674 -0.021847948854796212 0.0026325026586905016 -0.06067999213731097 0.011051737645870309 -0.046815016888199855 -0.043507673243562424 -0.0028478996310213407 -0.0092028385500019169 -0.034529675546508966 -0.030914073713761338
leaf_weight=0.16659606818575412 0.17465401714434847 0.042549348727334291 0.058672196581028402 0.098769034026190639 0.099515576846897602 0.062398787587881088 0.024874943046597764 0.030114872701233253 0.041247016633860767 0.019283252404420637 0.012906749383546412 0.013401237578364089
leaf_count=13 23 31 36 10 11 9 38 36 24 31 20 18
internal_value=9.78561e-10 0.013906 -0.0102741 -0.0199491 -0.0300601 -0.00489178 -0.0211316 -0.0158614 -0.0198048 -0.0310306 -0.0193578 -0.0412478
internal_weight=0.844983 0.359031 0.485952 0.319356 0.220587 0.121071 0.184377 0.146101 0.103552 0.0623049 0.03219 0.0382762
internal_count=300 221 79 66 56 45 198 142 111 87 51 56
is_linear=0
shrinkage=0.05


Tree=87
num_leaves=14
num_cat=0
split_feature=4 4 4 0 4 0 1 4 4 4 1 4 4
split_gain=0.051444 0.0834257 0.0403819 0.0302846 0.0894972 0.0248477 0.00562351 0.0020858 0.00206748 7.99835e-05 7.31123e-05 1.17365e-07 1.14234e-08
threshold=0.42750000000000005 0.36750000000000005 0.24750000000000003 0.22500000000000003 0.37250000000000005 1.0000000180025095e-35 0.43850000000000006 0.33750000000000008 0.31250000000000006 0.28250000000000003 0.87100000000000011 0.33250000000000007 0.32250000000000006
decision_type=2 2 2 2 2 2 2 2 2 2 2 2 2
left_child=1 2 -1 4 -3 6 -4 8 -8 -7 11 12 -11
right_child=-2 3 5 -5 -6 9 7 -9 -10 10 -12 -13 -14
leaf_value=0.0089523925930874507 -0.029453780580970569 0.046373766155434148 -0.0019475527928347444 0.041903169807410462 -0.027446924465596878 -0.058236654958507154 -0.040922749306234969 -0.014497558841215383 -0.021490880437198091 -0.050352385899226686 -0.056779247829975732 -0.050806185625582867 -0.050516755637720935
leaf_weight=0.16058424592483789 0.12540413404349238 0.08401782251894474 0.054110021621454507 0.14071882690768689 0.080296814645407721 0.026913969777524471 0.019926133623812348 0.058543989551253617 0.043726695410441607 0.0020008197461720556 0.010824920609593391 0.0044803189230151474 0.0022409465600503609
leaf_count=13 18 6 33 16 40 4 32 31 32 26 1 33 15
internal_value=4.51736e-10 0.00536564 -0.0101611 0.0248789 0.0102993 -0.0239392 -0.0153669 -0.0213091 -0.0275739 -0.0564687 -0.0540344 -0.0506277 -0.0504392
internal_weight=0.81379 0.688386 0.383352 0.305033 0.164315 0.222768 0.176307 0.122197 0.0636528 0.046461 0.019547 0.00872209 0.00424177
internal_count=300 282 220 62 46 207 128 95 64 79 75 74 41
is_linear=0
shrinkage=0.05


Tree=88
num_leaves=14
num_cat=0
split_feature=4 4 4 0 4 0 1 1 1 1 4 1 4
split_gain=0.0441883 0.0761384 0.0363033 0.0276633 0.079693 0.0231922 0.00539847 0.00215416 0.00313506 0.000119573 6.1703e-05 6.27626e-05 1.00068e-07
threshold=0.42750000000000005 0.36750000000000005 0.24750000000000003 0.22500000000000003 0.37250000000000005 1.0000000180025095e-35 0.43850000000000006 0.51650000000000007 0.48850000000000005 0.54050000000000009 0.28250000000000003 0.87100000000000011 0.33250000000000007
decision_type=2 2 2 2 2 2 2 2 2 2 2 2 2
left_child=1 2 -1 4 -3 6 -4 8 -8 -9 -7 12 -12
right_child=-2 3 5 -5 -6 10 7 9 -10 -11 11 -13 -14
leaf_value=0.0086372563934891729 -0.027596567704533753 0.045281598773245196 -0.0018116217745761472 0.040968443119845904 -0.026076806007993149 -0.05769357329252383 -0.018135997307030308 -0.010017238103613308 -0.039549992412784174 -0.015038307682910233 -0.050429979722953558 -0.056521559140620195 -0.050779804952594168
leaf_weight=0.1540325473761186 0.12238898640498519 0.079154743580147624 0.053681843972299248 0.13385645160451531 0.077371256949845701 0.024714052677154541 0.044729152898071334 0.022922032672795467 0.027662242297083139 0.024563520011724904 0.0039926737372297794 0.0099436687305569649 0.0041890140855684876
leaf_count=13 18 6 33 16 40 4 30 15 22 28 41 1 33
internal_value=2.45895e-11 0.00511115 -0.00991557 0.0242802 0.0100089 -0.0231215 -0.0149892 -0.0208902 -0.0263187 -0.0126146 -0.0560685 -0.0538527 -0.0506091
internal_weight=0.783202 0.660813 0.370431 0.290382 0.156526 0.216398 0.173559 0.119877 0.0723914 0.0474856 0.0428394 0.0181254 0.00818169
internal_count=300 282 220 62 46 207 128 95 52 43 79 75 74
is_linear=0
shrinkage=0.05


Tree=89
num_leaves=13
num_cat=0
split_feature=4 4 4 0 4 0 1 4 1 4 1 4
split_gain=0.0384642 0.0697594 0.0328652 0.0251172 0.0714588 0.0216695 0.00516722 0.00219983 0.00215682 4.72627e-05 5.40554e-05 8.69347e-08
threshold=0.42750000000000005 0.36750000000000005 0.24750000000000003 0.22500000000000003 0.37250000000000005 1.0000000180025095e-35 0.43850000000000006 0.33750000000000008 0.49950000000000006 0.28250000000000003 0.87100000000000011 0.33250000000000007
decision_type=2 2 2 2 2 2 2 2 2 2 2 2
left_child=1 2 -1 4 -3 6 -4 8 -8 -7 11 -11
right_child=-2 3 5 -5 -6 9 7 -9 -10 10 -12 -13
leaf_value=0.0084003924993225326 -0.025982179561119607 0.044305645813225658 -0.0017334824727016842 0.040008792224299226 -0.024935800316097552 -0.057170491153959536 -0.036036102457229512 -0.013363928185204635 -0.017238876934826151 -0.05042066410884543 -0.056276730839516488 -0.050756578099687005
leaf_weight=0.14788342453539371 0.119837811216712 0.074778216425329447 0.05338043172378093 0.12785934587009251 0.074270626690122299 0.022744424175471067 0.031954792561009526 0.056320648407563567 0.029210072883870453 0.0037605398683808735 0.0091446088626980782 0.0039484070148319006
leaf_count=13 18 6 33 16 40 4 29 31 35 41 1 33
internal_value=-4.95764e-10 0.00490141 -0.00966367 0.0237501 0.00980282 -0.0223565 -0.014633 -0.0204939 -0.0270592 -0.0556835 -0.0536768 -0.0505927
internal_weight=0.755093 0.635256 0.358347 0.276908 0.149049 0.210464 0.170866 0.117486 0.0611649 0.039598 0.0168536 0.00770895
internal_count=300 282 220 62 46 207 128 95 64 79 75 74
is_linear=0
shrinkage=0.05


Tree=90
num_leaves=13
num_cat=0
split_feature=1 0 1 4 4 2 1 4 1 2 4 1
split_gain=0.0372988 0.0975076 0.0714298 0.00670856 0.0113898 0.00234883 0.00219105 0.00786209 0.00283157 0.00146148 0.000209183 5.17346e-05
threshold=0.7340000000000001 0.3665000000000001 0.59950000000000003 0.35750000000000004 0.38750000000000007 11.500000000000002 0.43850000000000006 0.33750000000000008 0.5505000000000001 1.5000000000000002 0.32750000000000007 0.46550000000000008
decision_type=2 2 2 2 2 2 2 2 2 2 2 2
left_child=1 2 3 5 11 9 -7 8 10 -1 -8 -5
right_child=-2 -3 -4 4 -6 6 7 -9 -10 -11 -12 -13
leaf_value=-0.010983616873952043 0.011563566414110977 -0.0740481607843788 0.033841818729230526 -0.045397471276444751 0.0035247687469965368 -0.0050791390220741714 -0.041254854227828125 -0.0018653774584320973 -0.012846970318231295 0.010751614115125215 -0.033811467266042734 -0.04912204294886327
leaf_weight=0.014581718714907765 0.35676378244534135 0.052736224606633186 0.10212542954832315 0.018196023651398718 0.015639402496162802 0.04107678378932178 0.023650140399695374 0.039252863731235266 0.015152107807807624 0.01646905078087002 0.015708365477621555 0.019119958335068077
leaf_count=27 21 30 4 15 32 28 33 24 21 21 18 26
internal_value=4.79355e-11 -0.0110393 -0.000686793 -0.0167997 -0.032294 -0.0118536 -0.0147087 -0.0189273 -0.0312135 0.000544555 -0.0382841 -0.0473059
internal_weight=0.730472 0.373708 0.320972 0.218846 0.0529554 0.165891 0.13484 0.0937635 0.0545106 0.0310508 0.0393585 0.037316
internal_count=300 279 249 245 73 172 124 96 72 48 51 41
is_linear=0
shrinkage=0.05


Tree=91
num_leaves=13
num_cat=0
split_feature=4 4 4 2 0 1 4 4 4 4 1 4
split_gain=0.0368145 0.0588673 0.0312523 0.0241056 0.0216029 0.00511368 0.00232805 0.00203585 0.00210253 4.17491e-05 5.0441e-05 8.06745e-08
threshold=0.42750000000000005 0.36750000000000005 0.24750000000000003 3.5000000000000004 1.0000000180025095e-35 0.43850000000000006 0.37250000000000005 0.33750000000000008 0.31250000000000006 0.28250000000000003 0.87100000000000011 0.33250000000000007
decision_type=2 2 2 2 2 2 2 2 2 2 2 2
left_child=1 2 -1 -3 5 -4 -5 8 -7 -6 11 -11
right_child=-2 3 4 6 9 7 -8 -9 -10 10 -12 -13
leaf_value=0.0094300533780018181 -0.025957510101813321 0.0035179765519311314 -0.0005647690671789265 0.041767148517161311 -0.057044487225311857 -0.040436137086644217 0.029612525941911539 -0.012572193120036396 -0.019706313571037304 -0.050414393621828146 -0.056235491859991243 -0.050748141893566467
leaf_weight=0.14047901250887662 0.11470261192880571 0.098908526357263327 0.052234868402592838 0.069822601624764502 0.021440156735479832 0.017655074436333962 0.090403982321731746 0.054291118372930214 0.039819988087401725 0.0035289525767439036 0.0086837224662303925 0.0037186746194493026
leaf_count=13 18 17 33 6 4 32 39 31 32 41 1 33
internal_value=3.7946e-10 0.00495418 -0.00867027 0.0229276 -0.0212972 -0.0134796 0.0349092 -0.0195154 -0.0260741 -0.0556039 -0.0536652 -0.0505856
internal_weight=0.715689 0.600987 0.341852 0.259135 0.201373 0.164001 0.160227 0.111766 0.0574751 0.0373715 0.0159313 0.00724763
internal_count=300 282 220 62 207 128 45 95 64 79 75 74
is_linear=0
shrinkage=0.05


Tree=92
num_leaves=13
num_cat=0
split_feature=1 4 1 4 2 2 1 1 4 1 1 2
split_gain=0.0336644 0.0945576 0.0520414 0.0125016 0.00233803 0.00206669 0.00287342 0.00406566 0.00312581 0.00719213 0.00525919 0.00123873
threshold=0.7340000000000001 0.39750000000000008 0.59950000000000003 0.35750000000000004 9.5000000000000018 11.500000000000002 0.52150000000000019 0.5505000000000001 0.32750000000000007 0.43450000000000005 0.45550000000000007 1.5000000000000002
decision_type=2 2 2 2 2 2 2 2 2 2 2 2
left_child=1 2 3 5 -5 11 8 -8 9 -7 -10 -1
right_child=-2 -3 -4 4 -6 6 7 -9 10 -11 -12 -13
leaf_value=-0.0092435059227652626 0.011283809179871191 -0.085998827321206769 0.024933477133464148 -0.02575027436773655 -0.048417927322551409 0.027169850962140585 -0.042375654866976573 -0.0095156456979062568 -0.030369811777743345 -0.019551803290158189 -0.00060125542614809118 0.011018067732833647
leaf_weight=0.014180385915096849 0.3403083432931453 0.037318104179576039 0.11571100354194641 0.018861558084608987 0.028662230426562019 0.016714321682229638 0.017352767317788675 0.020573378744302318 0.028841813211329281 0.016239923330431338 0.030555221092072316 0.016117341379867867
leaf_count=29 21 32 3 26 28 12 20 31 20 30 25 23
internal_value=-2.4038e-09 -0.0106333 -0.00194763 -0.0168946 -0.0394214 -0.0102275 -0.012963 -0.0245504 -0.00820439 0.00414532 -0.0150562 0.00153495
internal_weight=0.701436 0.361128 0.32381 0.208099 0.0475238 0.160575 0.130277 0.0379261 0.0923513 0.0329542 0.059397 0.0302977
internal_count=300 279 247 244 54 190 138 51 87 42 45 52
is_linear=0
shrinkage=0.05


Tree=93
num_leaves=15
num_cat=0
split_feature=4 4 4 0 4 0 1 4 1 4 4 1 1 4
split_gain=0.037614 0.0536068 0.0251544 0.0237354 0.0613994 0.0209449 0.00605802 0.00209628 0.0021134 0.00140096 0.00037409 3.4767e-05 0.000138797 5.31866e-08
threshold=0.42750000000000005 0.36750000000000005 0.24750000000000003 0.22500000000000003 0.37250000000000005 1.0000000180025095e-35 0.43850000000000006 0.32750000000000007 0.49950000000000006 0.31250000000000006 0.38250000000000006 0.87100000000000011 0.81450000000000011 0.33250000000000007
decision_type=2 2 2 2 2 2 2 2 2 2 2 2 2 2
left_child=1 2 -1 4 -3 6 -4 9 -9 -8 -6 12 13 -7
right_child=-2 3 5 -5 10 11 7 8 -10 -11 -12 -13 -14 -15
leaf_value=0.0085316878055789868 -0.026708268621490922 0.042965582060454088 0.0020997811608054243 0.039241131802437747 -0.020836616139459467 -0.050396593685589713 -0.039451492983286686 -0.0047950251968736247 -0.021400754472399586 -0.018324441763697779 -0.028194328904272582 -0.053249805396161691 -0.059408863799935742 -0.050680939722076004
leaf_weight=0.13419781043194234 0.11068521672859788 0.065615955041721463 0.051506229385267943 0.11512024910189211 0.03409789786383044 0.0032884045212995252 0.01677985043352237 0.033472572962637059 0.044811485829995945 0.014739210702828132 0.035016220121178776 0.014211243018507957 0.013382306322455406 0.0032898082572501153
leaf_count=13 18 6 33 16 10 43 32 23 25 15 30 2 1 33
internal_value=2.45355e-10 0.00510106 -0.00813738 0.0225692 0.00832393 -0.0195807 -0.0120478 -0.0186842 -0.0143005 -0.0295719 -0.0245644 -0.0551399 -0.0564856 -0.0505388
internal_weight=0.690214 0.579529 0.329679 0.24985 0.13473 0.195481 0.161309 0.109803 0.0782841 0.0315191 0.0691141 0.0341718 0.0199605 0.00657821
internal_count=300 282 220 62 46 207 128 95 48 47 40 79 77 76
is_linear=0
shrinkage=0.05


Tree=94
num_leaves=13
num_cat=0
split_feature=4 1 4 4 2 1 2 1 1 4 0 4
split_gain=0.0334672 0.0493535 0.0434277 0.00759412 0.00726866 0.00493047 0.0019828 0.00417723 0.0112912 0.013915 0.00132206 0.000752681
threshold=0.42750000000000005 0.55950000000000022 0.36750000000000005 0.35750000000000004 9.5000000000000018 0.53250000000000008 3.5000000000000004 0.42350000000000004 0.43850000000000006 0.33750000000000008 0.3665000000000001 0.32250000000000006
decision_type=2 2 2 2 2 2 2 2 2 2 2 2
left_child=1 3 10 5 -5 6 -1 -8 -9 11 -3 -10
right_child=-2 2 -4 4 -6 -7 7 8 9 -11 -12 -13
leaf_value=-0.021426814074082451 -0.025299817670932468 -0.0074148473509919599 0.030808679803250683 -0.011979936141592245 -0.052545369974323491 -0.032682778593336272 -0.021611392617024092 0.037663499179250985 -0.025693253383895914 0.015961782878692779 0.0013962447727081709 -0.042031837993242796
leaf_weight=0.018801176222041249 0.10935540497303009 0.091193910600850359 0.20532880898099393 0.020099207409657538 0.024508028276613913 0.021310627809725702 0.02450704708462581 0.017232335463631898 0.014886196826410014 0.02876892895437777 0.079849170055240393 0.013388770385063253
leaf_count=24 18 34 13 33 33 29 18 15 29 21 10 23
internal_value=-1.64441e-10 0.0049416 0.0153072 -0.0163188 -0.0342673 -0.0105545 -0.00654403 -0.00371143 0.00219456 -0.00852021 -0.00330151 -0.0334299
internal_weight=0.66923 0.559874 0.376372 0.183502 0.0446072 0.138895 0.117584 0.0987833 0.0742762 0.0570439 0.171043 0.028275
internal_count=300 282 57 225 66 159 130 106 88 73 44 52
is_linear=0
shrinkage=0.05


Tree=95
num_leaves=13
num_cat=0
split_feature=1 4 1 4 4 1 1 4 1 2 1 1
split_gain=0.0324287 0.104709 0.0440479 0.010507 0.00660668 0.00621046 0.0106545 0.00677723 0.00465052 0.0016962 0.00168483 0.00234345
threshold=0.7340000000000001 0.39750000000000008 0.59950000000000003 0.35750000000000004 0.27750000000000008 0.41950000000000004 0.43850000000000006 0.34250000000000008 0.5505000000000001 9.5000000000000018 0.52150000000000019 0.48550000000000004
decision_type=2 2 2 2 2 2 2 2 2 2 2 2
left_child=1 2 3 4 -1 -6 -7 8 10 -5 11 -8
right_child=-2 -3 -4 9 5 6 7 -9 -10 -11 -12 -13
leaf_value=0.023418269070434743 0.01153687276383087 -0.092004777410710226 0.024609853555496972 -0.02451507687729218 -0.042738400694121881 0.019894956401112846 -0.035003368759454784 0.0052656409988108494 -0.0015029668689900723 -0.044519563223642408 -0.045990602986449747 -0.0099274917161516207
leaf_weight=0.014247678511310369 0.3161091641522944 0.035474875709041953 0.10698598437011242 0.017497013177489862 0.014984085457399487 0.025878361862851307 0.026066408106999006 0.026941860385704786 0.017281977052334696 0.026868572866078466 0.014317787921754643 0.014500036282697693
leaf_count=23 21 32 3 26 15 22 34 24 29 28 20 23
internal_value=1.46296e-09 -0.0106934 -0.00125357 -0.0151874 -0.00901868 -0.0123205 -0.00867377 -0.0161334 -0.0241224 -0.0366301 -0.0312448 -0.0260403
internal_weight=0.657154 0.341045 0.30557 0.198584 0.154218 0.139971 0.124986 0.0991081 0.0721662 0.0443656 0.0548842 0.0405664
internal_count=300 279 247 244 190 167 152 130 106 54 77 57
is_linear=0
shrinkage=0.05


Tree=96
num_leaves=13
num_cat=0
split_feature=2 2 1 4 4 1 1 1 1 4 1 4
split_gain=0.0362901 0.122213 0.0495786 0.0835164 0.00867711 0.00216574 0.00449051 0.00358155 0.00923024 0.0111635 0.00176542 0.000468642
threshold=3.5000000000000004 5.5000000000000009 0.7340000000000001 0.33750000000000008 0.35250000000000004 0.53250000000000008 0.5505000000000001 0.42750000000000005 0.43850000000000006 0.33750000000000008 0.52350000000000019 0.32250000000000006
decision_type=2 2 2 2 2 2 2 2 2 2 2 2
left_child=2 -2 3 -1 5 7 -7 -3 -9 11 -6 -10
right_child=1 4 -4 -5 10 6 -8 8 9 -11 -12 -13
leaf_value=-0.0036969747966987664 0.051128028774327407 -0.02177277711241063 0.0020538473757185766 -0.090988181606768068 -0.047518441418354172 -0.041104465087425573 -0.004273614845162756 0.03614039431648923 -0.026307887899664768 0.014529472381112374 -0.023303367211219984 -0.039839875473845709
leaf_weight=0.07097768853418529 0.12207027379190549 0.024718611442949623 0.25598873849958181 0.044631492288317531 0.020629367383662611 0.014764966646907851 0.018830343673471361 0.014251478103687987 0.014174008516420145 0.024836390977725387 0.011850846742163412 0.011662870427244343
leaf_count=33 23 20 19 27 38 15 30 11 28 16 18 22
internal_value=-1.76777e-09 0.0136707 -0.0102196 -0.0373962 -0.0156926 -0.00963329 -0.0204606 -0.00557559 0.000591118 -0.00940685 -0.0386832 -0.0324163
internal_weight=0.649387 0.277789 0.371598 0.115609 0.155719 0.123239 0.0335953 0.0896434 0.0649247 0.0506733 0.0324802 0.0258369
internal_count=300 221 79 60 198 142 45 97 77 66 56 50
is_linear=0
shrinkage=0.05


Tree=97
num_leaves=13
num_cat=0
split_feature=4 1 4 4 2 1 2 1 1 4 0 4
split_gain=0.0420409 0.0423108 0.0356194 0.00801513 0.00859503 0.00444588 0.00250247 0.00345001 0.00933258 0.012657 0.000651438 0.000587009
threshold=0.42750000000000005 0.55950000000000022 0.36750000000000005 0.35750000000000004 9.5000000000000018 0.53250000000000008 3.5000000000000004 0.42350000000000004 0.43850000000000006 0.33750000000000008 0.3665000000000001 0.32250000000000006
decision_type=2 2 2 2 2 2 2 2 2 2 2 2
left_child=1 3 10 5 -5 6 -1 -8 -9 11 -3 -10
right_child=-2 2 -4 4 -6 -7 7 8 9 -11 -12 -13
leaf_value=-0.021379511497143722 -0.028872141886992678 -0.0046276431570523588 0.030161676901828995 -0.0084220609054548694 -0.054274250702560915 -0.030143198157438541 -0.018178415506417942 0.034325001422162639 -0.025272458612475408 0.016413853971872755 0.0017197129872428324 -0.040509554755672819
leaf_weight=0.018648867728188634 0.10523013223428279 0.085449807142140344 0.19305590784642845 0.018604369251988828 0.022679379238979891 0.020053034997545183 0.023133737966418266 0.018799166282406077 0.01408806923427619 0.028349720931146294 0.076712616020813584 0.011464913346571848
leaf_count=24 18 34 13 33 33 29 18 15 29 21 10 23
internal_value=-7.13994e-10 0.00572127 0.0156506 -0.0143394 -0.0336111 -0.00842568 -0.00462165 -0.0013607 0.00399069 -0.00658873 -0.00162496 -0.0321089
internal_weight=0.63627 0.53104 0.355218 0.175821 0.0412837 0.134538 0.114484 0.0958356 0.0727019 0.0539027 0.162162 0.025553
internal_count=300 282 57 225 66 159 130 106 88 73 44 52
is_linear=0
shrinkage=0.05


Tree=98
num_leaves=13
num_cat=0
split_feature=4 1 4 1 2 4 4 1 2 1 0 1
split_gain=0.0393472 0.0371005 0.0301464 0.008085 0.00778937 0.0107221 0.00950592 0.0168682 0.00642637 0.00261412 0.00055126 5.72084e-06
threshold=0.42750000000000005 0.55950000000000022 0.36750000000000005 0.49650000000000005 11.500000000000002 0.33250000000000007 0.32750000000000007 0.43550000000000005 7.5000000000000009 0.52900000000000014 0.3665000000000001 0.45950000000000008
decision_type=2 2 2 2 2 2 2 2 2 2 2 2
left_child=1 3 10 4 5 -1 -6 -8 -5 -10 -3 -9
right_child=-2 2 -4 8 6 -7 7 11 9 -11 -12 -13
leaf_value=-0.01676170006601618 -0.027910745961003649 -0.0036864734954107914 0.028690257026285821 -0.05901447178634979 0.010762747654428535 0.043879677833355619 -0.052406854815472963 -8.0495740093811723e-05 -0.0053074018100741126 -0.030178613194393463 0.0021975972044477985 0.0012610280278622342
leaf_weight=0.013277319521876052 0.10508388438029215 0.083592809154652059 0.18728932808153331 0.013390797277679667 0.028258240170544013 0.016162490239366889 0.028390410880092531 0.015433086635312065 0.018718014434853103 0.024255721145891584 0.075990372803062201 0.016383270238293335
leaf_count=22 18 34 13 25 32 26 19 14 31 30 10 26
internal_value=1.37682e-10 0.00562797 0.015084 -0.0131936 -0.00574738 0.0165305 -0.0131611 -0.0243899 -0.0287698 -0.0193455 -0.000884595 0.000610298
internal_weight=0.626226 0.521142 0.346873 0.174269 0.117905 0.0294398 0.088465 0.0602068 0.0563645 0.0429737 0.159583 0.0318164
internal_count=300 282 57 225 139 48 91 59 86 61 44 40
is_linear=0
shrinkage=0.05


Tree=99
num_leaves=16
num_cat=0
split_feature=4 4 4 0 4 0 1 1 4 4 1 4 1 1 4
split_gain=0.0376335 0.037973 0.0225986 0.0222976 0.0525493 0.0189104 0.00465569 0.00460321 0.0043594 0.00404793 0.00112116 0.000298736 2.49852e-05 0.000109925 2.81512e-08
threshold=0.42750000000000005 0.36750000000000005 0.23750000000000002 0.22500000000000003 0.37250000000000005 1.0000000180025095e-35 0.43850000000000006 0.5445000000000001 0.26750000000000007 0.34250000000000008 0.49950000000000006 0.38750000000000007 0.87100000000000011 0.81450000000000011 0.33250000000000007
decision_type=2 2 2 2 2 2 2 2 2 2 2 2 2 2 2
left_child=1 2 -1 4 -3 6 -4 9 -7 10 -8 -6 13 14 -10
right_child=-2 3 5 -5 11 8 7 -9 12 -11 -12 -13 -14 -15 -16
leaf_value=0.013778181923499947 -0.027317951773132731 0.043008487375592243 0.0050233162581408463 0.039141635199732829 -0.020905332707590107 -0.02265647284320893 -0.03395970379564759 0.0081660729703552145 -0.050371364635846794 -0.0046052151674441707 -0.018801173254358414 -0.02783115739115485 -0.053334257785548692 -0.059032659590364481 -0.050596122039028225
leaf_weight=0.096894445130601525 0.10461065685376525 0.053749745362438262 0.051548771385569125 0.098332068650051951 0.030330700086778961 0.015959598124027252 0.028812210701289587 0.019814658298855647 0.0028434844061848699 0.031275886765797623 0.021154086149181239 0.031993056327337399 0.012938782572746277 0.011532946489751339 0.0027314992912579328
leaf_count=10 18 6 33 16 14 3 33 26 42 19 18 26 2 1 33
internal_value=-5.17409e-10 0.0056044 -0.00601797 0.021623 0.00678207 -0.0156757 -0.00720455 -0.0134419 -0.0437749 -0.0187121 -0.0275421 -0.0244606 -0.0549922 -0.0562461 -0.0504815
internal_weight=0.614523 0.509912 0.295506 0.214406 0.116074 0.198612 0.152606 0.101057 0.0460063 0.0812422 0.0499663 0.0623238 0.0300467 0.0171079 0.00557498
internal_count=300 282 220 62 46 210 129 96 81 70 51 40 78 76 75
is_linear=0
shrinkage=0.05


end of trees

feature_importances:
quality=502
dense=490
bm25=94
years=62
skill_overlap=4
intent_conf=1

parameters:
[boosting: gbdt]
[objective: lambdarank]
[metric: ndcg]
[tree_learner: serial]
[device_type: cpu]
[data_sample_strategy: bagging]
[data: ]
[valid: ]
[num_iterations: 100]
[learning_rate: 0.05]
[num_leaves: 31]
[num_threads: 0]
[seed: 0]
[deterministic: 0]
[force_col_wise: 0]
[force_row_wise: 0]
[histogram_pool_size: -1]
[max_depth: -1]
[min_data_in_leaf: 20]
[min_sum_hessian_in_leaf: 0.001]
[bagging_fraction: 1]
[pos_bagging_fraction: 1]
[neg_bagging_fraction: 1]
[bagging_freq: 0]
[bagging_seed: 3]
[bagging_by_query: 0]
[feature_fraction: 1]
[feature_fraction_bynode: 1]
[feature_fraction_seed: 2]
[extra_trees: 0]
[extra_seed: 6]
[early_stopping_round: 0]
[early_stopping_min_delta: 0]
[first_metric_only: 0]
[max_delta_step: 0]
[lambda_l1: 0]
[lambda_l2: 0]
[linear_lambda: 0]
[min_gain_to_split: 0]
[drop_rate: 0.1]
[max_drop: 50]
[skip_drop: 0.5]
[xgboost_dart_mode: 0]
[uniform_drop: 0]
[drop_seed: 4]
[top_rate: 0.2]
[other_rate: 0.1]
[min_data_per_group: 100]
[max_cat_threshold: 32]
[cat_l2: 10]
[cat_smooth: 10]
[max_cat_to_onehot: 4]
[top_k: 20]
[monotone_constraints: ]
[monotone_constraints_method: basic]
[monotone_penalty: 0]
[feature_contri: ]
[forcedsplits_filename: ]
[refit_decay_rate: 0.9]
[cegb_tradeoff: 1]
[cegb_penalty_split: 0]
[cegb_penalty_feature_lazy: ]
[cegb_penalty_feature_coupled: ]
[path_smooth: 0]
[interaction_constraints: ]
[verbosity: -1]
[saved_feature_importance_type: 0]
[use_quantized_grad: 0]
[num_grad_quant_bins: 4]
[quant_train_renew_leaf: 0]
[stochastic_rounding: 1]
[linear_tree: 0]
[max_bin: 255]
[max_bin_by_feature: ]
[min_data_in_bin: 3]
[bin_construct_sample_cnt: 200000]
[data_random_seed: 1]
[is_enable_sparse: 1]
[enable_bundle: 1]
[use_missing: 1]
[zero_as_missing: 0]
[feature_pre_filter: 1]
[pre_partition: 0]
[two_round: 0]
[header: 0]
[label_column: ]
[weight_column: ]
[group_column: ]
[ignore_column: ]
[categorical_feature: ]
[forcedbins_filename: ]
[precise_float_parser: 0]
[parser_config_file: ]
[objective_seed: 5]
[num_class: 1]
[is_unbalance: 0]
[scale_pos_weight: 1]
[sigmoid: 1]
[boost_from_average: 1]
[reg_sqrt: 0]
[alpha: 0.9]
[fair_c: 1]
[poisson_max_delta_step: 0.7]
[tweedie_variance_power: 1.5]
[lambdarank_truncation_level: 30]
[lambdarank_norm: 1]
[label_gain: ]
[lambdarank_position_bias_regularization: 0]
[eval_at: 5,10]
[multi_error_top_k: 1]
[auc_mu_weights: ]
[num_machines: 1]
[local_listen_port: 12400]
[time_out: 120]
[machine_list_filename: ]
[machines: ]
[gpu_platform_id: -1]
[gpu_device_id: -1]
[gpu_use_dp: 0]
[num_gpu: 1]

end of parameters

pandas_categorical:[]
