tree
version=v4
num_class=1
num_tree_per_iteration=1
label_index=0
max_feature_idx=5
objective=lambdarank
feature_names=bm25 dense years skill_overlap quality intent_conf
feature_infos=[0:0.80000000000000004] [0.40000000000000002:1] [0:36] [0:2] [0.58099999999999996:1] [0.5:0.80000000000000004]
tree_sizes=1304 1413 1308 1323 1324 1216 1324 1324 1326 1421 1743 1214 1215 1219 1214 1218 1216 1221 1435 1223 1336 1339 1336 1335 1339 1436 1337 1539 1315 1330 1737 1316 1412 1442 1446 1650 1322 1540 1549 1437 1549 1752 1654 1546 1548 1550 1212 1439 1553 1331 1758 1548 1433 1548 1431 1321 1422 1311 1544 1310 1648 1310 1317 1648 1419 1529 1540 1439 1424 1213 1431 1543 1334 1541 1542 1759 1768 1651 1648 1546 1554 1552 1450 1460 1567 1571 1342 1551 1563 1766 1574 1566 1576 1575 1569 1465 1689 1568 1672 1465

Tree=0
num_leaves=11
num_cat=0
split_feature=1 1 2 1 1 4 1 4 2 1
split_gain=11.7786 0.162693 0.122569 0.0749602 0.120497 0.0921803 0.0739266 0.0632059 0.0104313 0.0173788
threshold=0.66600000000000004 0.54300000000000015 4.5000000000000009 0.48550000000000004 0.42750000000000005 0.78700000000000003 0.45150000000000007 0.99250000000000005 12.500000000000002 0.5655
decision_type=2 2 2 2 2 2 2 2 2 2
left_child=1 2 6 4 -4 -5 -1 -6 -3 -10
right_child=-2 8 3 5 7 -7 -8 -9 9 -11
leaf_value=-0.067864158100047409 0.066528243341543336 -0.099701884679934988 -0.073900257196881203 -0.081277622547511905 -0.010139004280034948 -0.048012282095524356 -0.09965437692059427 -0.047672375375824784 -0.098120101878000673 -0.077290883906514729
leaf_weight=0.41737460135482307 3.2038859780877829 0.30091357312630851 0.23268174473196268 0.48367114050779492 0.21667118696495891 0.36572439130395651 0.32548951636999846 0.23255612584762275 0.19430299533996731 0.20664161175955087
leaf_count=22 24 36 22 38 30 30 27 29 19 23
internal_value=8.70302e-10 -0.071622 -0.0651274 -0.0570425 -0.044696 -0.0669546 -0.0817932 -0.0295693 -0.0926657 -0.087385
internal_weight=6.17991 2.97603 2.27417 1.5313 0.681909 0.849396 0.742864 0.449227 0.701858 0.400945
internal_count=300 276 198 149 81 68 49 59 78 42
is_linear=0
shrinkage=0.05


Tree=1
num_leaves=12
num_cat=0
split_feature=3 1 2 4 1 1 1 1 1 1 1
split_gain=23.6367 0.340504 0.095584 0.0779244 0.221959 0.0752521 0.0648661 0.045551 0.0391582 0.0255338 0.000725468
threshold=1.0000000180025095e-35 0.48550000000000004 5.5000000000000009 0.78700000000000003 0.54300000000000015 0.42750000000000005 0.44450000000000006 0.52050000000000007 0.45750000000000007 0.55650000000000011 0.5655
decision_type=2 2 2 2 2 2 2 2 2 2 2
left_child=1 5 10 7 -5 -1 -7 -4 -8 -9 -3
right_child=-2 2 3 4 -6 6 8 9 -10 -11 -12
leaf_value=-0.072745675735576137 0.039907399179502284 -0.089932672719492179 -0.092008859788141273 -0.045794071349679881 -0.083976787061646463 -0.038293559530620414 -0.068345130340717125 -0.068959224122071103 -0.052017273097659238 -0.083677696823890216 -0.092342766567098569
leaf_weight=0.61711197532713535 13.307037428021431 0.55854499340057351 0.71045591682195675 0.69011821411550045 0.84865012019872665 0.559207804501057 0.58683495782315709 0.61714840680360772 0.98111984319984913 0.56391529552638531 0.70807215012609959
leaf_count=29 24 25 24 27 22 28 22 22 35 20 22
internal_value=6.37394e-10 -0.0713663 -0.0795418 -0.0752076 -0.0668523 -0.0573736 -0.0529139 -0.0820047 -0.0581283 -0.0759868 -0.09128
internal_weight=20.7482 7.44118 4.69691 3.43029 1.53877 2.74427 2.12716 1.89152 1.56795 1.18106 1.26662
internal_count=300 276 162 115 49 114 85 66 57 42 47
is_linear=0
shrinkage=0.05


Tree=2
num_leaves=11
num_cat=0
split_feature=3 1 2 1 4 1 1 2 1 1
split_gain=17.6708 0.177412 0.054489 0.0492767 0.132418 0.0399404 0.0416942 0.024426 0.00748976 0.000421284
threshold=1.0000000180025095e-35 0.48550000000000004 5.5000000000000009 0.54300000000000015 0.78700000000000003 0.42750000000000005 0.44450000000000006 12.500000000000002 0.56700000000000006 0.5655
decision_type=2 2 2 2 2 2 2 2 2 2
left_child=1 5 9 4 -4 -1 -7 -8 -5 -3
right_child=-2 2 3 8 -6 6 7 -9 -10 -11
leaf_value=-0.071243072295208515 0.032439194255859623 -0.085122531546687641 -0.077973696169131385 -0.083912590350417912 -0.046693703089916556 -0.041841414827218669 -0.06913220833409528 -0.054566122010966327 -0.076453776955311678 -0.08709828131270668
leaf_weight=0.50943267252296331 13.239383071660995 0.47813792340457462 0.94562769960612081 0.64319174177944638 0.52684006467461586 0.43038308154791582 0.45431916229426839 0.78528842516243458 0.70598893612623215 0.61922463122755289
leaf_count=29 24 25 37 23 27 28 22 35 28 22
internal_value=-7.94651e-10 -0.0704238 -0.0767835 -0.0731068 -0.0667819 -0.0589879 -0.0552495 -0.0599046 -0.0800096 -0.0862374
internal_weight=19.3378 6.09843 3.91901 2.82165 1.47247 2.17942 1.66999 1.23961 1.34918 1.09736
internal_count=300 276 162 115 64 114 85 57 51 47
is_linear=0
shrinkage=0.05


Tree=3
num_leaves=11
num_cat=0
split_feature=3 1 2 1 4 1 1 1 1 1
split_gain=14.3459 0.115608 0.0360456 0.0322722 0.090701 0.0321112 0.058855 0.0505249 0.00474448 0.000289646
threshold=1.0000000180025095e-35 0.48550000000000004 5.5000000000000009 0.54300000000000015 0.78700000000000003 0.43950000000000006 0.41450000000000004 0.45500000000000007 0.56700000000000006 0.57250000000000012
decision_type=2 2 2 2 2 2 2 2 2 2
left_child=1 5 9 4 -4 6 -1 -7 -5 -3
right_child=-2 2 3 8 -6 7 -8 -9 -10 -11
leaf_value=-0.063288736371055893 0.028020978118739749 -0.081211635102232602 -0.075244051259230657 -0.080084628790419832 -0.047600332433586703 -0.074303381973765265 -0.030209613165790267 -0.054555443403114634 -0.073812755329993249 -0.082918261181652769
leaf_weight=0.30171296186745244 13.217049174010754 0.44879159238189481 0.8404522752389314 0.58254173770546891 0.45866308454424143 0.56446467153727986 0.24257883056998253 0.7599661173298955 0.62508824095129967 0.55740134883671999
leaf_count=16 24 29 37 23 27 29 30 39 28 18
internal_value=-2.41359e-09 -0.0688179 -0.0741629 -0.070954 -0.0654842 -0.0587702 -0.0485461 -0.0629719 -0.0768382 -0.0821571
internal_weight=18.5987 5.38166 3.51294 2.50675 1.29912 1.86872 0.544292 1.32443 1.20763 1.00619
internal_count=300 276 162 115 64 114 46 68 51 47
is_linear=0
shrinkage=0.05


Tree=4
num_leaves=11
num_cat=0
split_feature=3 1 2 1 2 1 4 1 1 1
split_gain=12.0548 0.0851657 0.0260238 0.0251604 0.0344153 0.0233021 0.0675327 0.0117963 0.00333198 0.000298535
threshold=1.0000000180025095e-35 0.48550000000000004 5.5000000000000009 0.42750000000000005 11.000000000000002 0.54300000000000015 0.78700000000000003 0.45500000000000007 0.56700000000000006 0.5525000000000001
decision_type=2 2 2 2 2 2 2 2 2 2
left_child=1 3 9 -1 -5 6 -4 -6 -7 -3
right_child=-2 2 5 4 7 8 -8 -9 -10 -11
leaf_value=-0.068352572615736365 0.024860635072086905 -0.077649596125755824 -0.072688221419570515 -0.063417749594794043 -0.054232649021167624 -0.076878339865051742 -0.047460172382667462 -0.041011247009091117 -0.071394209337855827 -0.079473608845318941
leaf_weight=0.42611856013536531 13.19790456444025 0.37035208288580213 0.76571133453398965 0.56571625359356381 0.29855818208307028 0.53914427570998646 0.40588006749749184 0.38788970094174147 0.56955610495060682 0.56893748324364424
leaf_count=29 24 21 37 35 26 23 27 24 28 26
internal_value=1.86823e-09 -0.0669901 -0.0717503 -0.0578581 -0.0542867 -0.0688652 -0.0639483 -0.0467617 -0.0740611 -0.0787544
internal_weight=18.0958 4.89786 3.21958 1.67828 1.25216 2.28029 1.17159 0.686448 1.1087 0.93929
internal_count=300 276 162 114 85 115 64 50 51 47
is_linear=0
shrinkage=0.05


Tree=5
num_leaves=10
num_cat=0
split_feature=3 1 2 1 4 1 1 1 4
split_gain=10.4036 0.0680863 0.0346671 0.034993 0.0335565 0.0259713 0.0107835 0.00334319 0.00216808
threshold=1.0000000180025095e-35 0.46800000000000003 8.5000000000000018 0.53650000000000009 0.99250000000000005 0.44250000000000006 0.50200000000000011 0.52250000000000008 0.99250000000000005
decision_type=2 2 2 2 2 2 2 2 2
left_child=1 4 7 6 5 -1 -4 -3 -5
right_child=-2 2 3 8 -6 -7 -8 -9 -10
leaf_value=-0.05406848545401767 0.022501237131895665 -0.077826300398094059 -0.062983171500122559 -0.072628359786608115 -0.063327176325812515 -0.031839231909718595 -0.051967172001422417 -0.072826054718746966 -0.068280392677340179
leaf_weight=0.37193449400365419 13.16831024736166 0.59760114224627636 0.42842966644093428 0.58133105188608147 0.57090921746566892 0.20317323971539736 0.46140311937779188 0.75867044320330024 0.56571897119283676
leaf_count=32 24 27 28 32 40 19 36 39 23
internal_value=1.02823e-09 -0.0652769 -0.0688358 -0.0647118 -0.0547399 -0.0462154 -0.0572711 -0.0750293 -0.070484
internal_weight=17.7075 4.53917 3.39315 2.03688 1.14602 0.575108 0.889833 1.35627 1.14705
internal_count=300 276 185 119 91 51 64 66 55
is_linear=0
shrinkage=0.05


Tree=6
num_leaves=11
num_cat=0
split_feature=3 1 1 4 2 4 1 1 2 1
split_gain=9.12071 0.0570456 0.0297662 0.0948513 0.0279927 0.0280107 0.0800391 0.00563258 0.00269288 5.90007e-08
threshold=1.0000000180025095e-35 0.46800000000000003 0.42750000000000005 0.99250000000000005 8.5000000000000018 0.78700000000000003 0.5465000000000001 0.52050000000000007 4.5000000000000009 0.57250000000000012
decision_type=2 2 2 2 2 2 2 2 2 2
left_child=1 2 -1 -4 8 7 -7 -6 9 -3
right_child=-2 4 3 -5 5 6 -8 -9 -10 -11
leaf_value=-0.064848582595829415 0.020609507414796599 -0.074154681337210288 -0.027379241026599832 -0.065029631805033059 -0.072064193110862332 -0.036227379564566238 -0.06914377739355386 -0.065003292857686065 -0.069179720467281311 -0.074129034631937346
leaf_weight=0.37095694756135411 13.130864031612873 0.42431828239932678 0.31777189578860998 0.35322170099243522 0.49478748720139243 0.31234854459762562 0.45182429719716311 0.65811121091246605 0.39289769437164068 0.47560815280303359
leaf_count=29 24 29 37 25 30 30 19 40 20 17
internal_value=-4.2862e-11 -0.0636478 -0.0534826 -0.047199 -0.0669475 -0.0631131 -0.0556895 -0.0680336 -0.0726333 -0.0741411
internal_weight=17.3827 4.25185 1.04195 0.670994 3.2099 1.91707 0.764173 1.1529 1.29282 0.899926
internal_count=300 276 91 62 185 119 49 70 66 46
is_linear=0
shrinkage=0.05


Tree=7
num_leaves=11
num_cat=0
split_feature=3 1 1 4 2 4 1 1 2 1
split_gain=8.06918 0.0475272 0.025625 0.0820371 0.0250034 0.0257893 0.0769714 0.00433029 0.00212077 4.65773e-08
threshold=1.0000000180025095e-35 0.46800000000000003 0.42750000000000005 0.99250000000000005 8.5000000000000018 0.78700000000000003 0.5465000000000001 0.52050000000000007 4.5000000000000009 0.57250000000000012
decision_type=2 2 2 2 2 2 2 2 2 2
left_child=1 2 -1 -4 8 7 -7 -6 9 -3
right_child=-2 4 3 -5 5 6 -8 -9 -10 -11
leaf_value=-0.063199323034747984 0.019026106732512101 -0.071924495097135333 -0.026959489340057832 -0.063376376185634867 -0.069681085465863934 -0.03358058615431108 -0.067263194383855876 -0.063360701306057046 -0.067433205209537647 -0.07194782865726769
leaf_weight=0.3495937925763436 13.084505409002304 0.40379249583929799 0.29156633513048291 0.3293220978230238 0.48147073248401262 0.28122055064886797 0.4273754945024848 0.61994090490043163 0.37583504803478718 0.45471267588436604
leaf_count=29 24 29 37 25 30 30 19 40 20 17
internal_value=-1.39704e-09 -0.0620069 -0.0523717 -0.0462752 -0.0650784 -0.0613365 -0.0538956 -0.0661236 -0.0705656 -0.0719369
internal_weight=17.0993 4.01483 0.970482 0.620888 3.04435 1.81001 0.708596 1.10141 1.23434 0.858505
internal_count=300 276 91 62 185 119 49 70 66 46
is_linear=0
shrinkage=0.05


Tree=8
num_leaves=11
num_cat=0
split_feature=1 1 1 4 2 1 1 2 4 1
split_gain=7.20789 0.0425156 0.0232498 0.0724724 0.0219926 0.0237165 0.00898127 0.00177354 0.00151833 3.14653e-07
threshold=0.66600000000000004 0.46800000000000003 0.42750000000000005 0.99250000000000005 8.5000000000000018 0.53650000000000009 0.50200000000000011 4.5000000000000009 0.99250000000000005 0.57250000000000012
decision_type=2 2 2 2 2 2 2 2 2 2
left_child=1 2 -1 -4 7 6 -6 9 -7 -3
right_child=-2 4 3 -5 5 8 -8 -9 -10 -11
leaf_value=-0.061695321088501634 0.017683601703243967 -0.069978111254952555 -0.026482673959150872 -0.061759045839219422 -0.058531002193001003 -0.066908876830861816 -0.047517205113412814 -0.065791068260568186 -0.062959687279862869 -0.070040105490429383
leaf_weight=0.33119385736063423 13.032879538834093 0.38629913982003949 0.27568944403901696 0.30853527411818504 0.37653250386938431 0.50027165608480573 0.36407273262739182 0.35724733723327518 0.47396829118952155 0.43533648503944278
leaf_count=29 24 29 37 25 28 32 36 20 23 17
internal_value=3.95654e-09 -0.0605039 -0.0511121 -0.0451125 -0.0634749 -0.0598608 -0.0531168 -0.0687322 -0.0649876 -0.070011
internal_weight=16.842 3.80915 0.915419 0.584225 2.89373 1.71485 0.740605 1.17888 0.97424 0.821636
internal_count=300 276 91 62 185 119 64 66 55 46
is_linear=0
shrinkage=0.05


Tree=9
num_leaves=12
num_cat=0
split_feature=2 1 1 1 2 1 1 2 1 4 1
split_gain=6.80968 15.6507 0.113387 0.0311139 0.0148159 0.0190589 0.00839352 0.00824159 0.0094379 0.030565 0.00150693
threshold=1.0000000180025095e-35 0.66600000000000004 0.85550000000000004 0.48550000000000004 9.5000000000000018 0.45500000000000007 0.43250000000000005 5.5000000000000009 0.54300000000000015 0.78700000000000003 0.56700000000000006
decision_type=2 2 2 2 2 2 2 2 2 2 2
left_child=2 3 -1 4 -2 6 -6 -5 9 -9 -10
right_child=1 -3 -4 7 5 -7 -8 8 10 -11 -12
leaf_value=-0.0285930015203745 -0.059490651881756389 0.078794100330398284 -0.040787919374827127 -0.06799489646756654 -0.047765505547547674 -0.037158010400974627 -0.062950421305640311 -0.063506156238607739 -0.066546349556435749 -0.04330117768042481 -0.062297193532078944
leaf_weight=3.7778822910040644 0.38745261309668266 5.7648355215787888 3.8471109867095947 0.49308595480397377 0.20356164360418916 0.27510696277022362 0.16458087647333741 0.57703344477340557 0.41864427365362644 0.27703906642273068 0.4159833095036447
leaf_count=40 28 14 5 31 22 24 21 37 23 27 28
internal_value=1.33088e-09 0.0295118 -0.0347458 -0.0589258 -0.0517666 -0.047114 -0.054554 -0.0623079 -0.0606473 -0.0569522 -0.0644285
internal_weight=16.6023 8.97732 7.62499 3.21249 1.0307 0.643249 0.368143 2.18179 1.6887 0.854073 0.834628
internal_count=300 255 45 241 95 67 43 146 115 64 51
is_linear=0
shrinkage=0.05


Tree=10
num_leaves=15
num_cat=0
split_feature=1 2 1 1 1 1 1 1 1 1 4 1 2 1
split_gain=12.029 1.34777 4.06303 0.29881 0.0283585 0.0235348 0.0262111 0.0206747 0.0125898 0.00912936 0.0110878 0.00545315 0.00496851 0.00467799
threshold=0.75500000000000012 1.5000000000000002 0.66600000000000004 0.66600000000000004 0.54300000000000015 0.51850000000000007 0.48550000000000004 0.46150000000000008 0.49150000000000005 0.44450000000000006 0.99250000000000005 0.50350000000000017 12.500000000000002 0.56700000000000006
decision_type=2 2 2 2 2 2 2 2 2 2 2 2 2 2
left_child=1 3 4 8 5 6 7 9 -1 10 -3 -8 -6 -14
right_child=-2 2 -4 -5 12 -7 11 -9 -10 -11 -12 -13 13 -15
leaf_value=-0.055738963497094833 0.042428422501028053 -0.056281223893300238 0.093788802490685719 -0.098868952048194084 -0.065578422987792734 -0.040840211123766318 -0.056932895360811253 -0.038643786099632448 -0.067471667640921662 -0.059154112657771291 -0.040278734552959106 -0.06563362910020959 -0.06251542068299315 -0.054563721811638335
leaf_weight=0.46944778133183729 7.5182344540953636 0.22121484763920418 0.53450404107570637 1.2798593044281006 0.3826845586299894 0.43866019370034326 0.36906730756163586 0.33887901855632663 0.4457483384758234 0.36888540349900723 0.2119633904658258 0.35168816801160574 0.37190858647227287 0.3679559757001698
leaf_count=32 20 19 2 2 19 27 21 23 28 21 23 21 20 22
internal_value=3.95128e-10 -0.051847 -0.0344181 -0.0832691 -0.0544382 -0.051259 -0.0537139 -0.0489985 -0.0614534 -0.0533735 -0.0484509 -0.0611784 -0.0609532 -0.0585608
internal_weight=13.6707 6.15247 3.95741 2.19506 3.42291 2.30036 1.8617 1.14094 0.915196 0.802064 0.433178 0.720755 1.12255 0.739865
internal_count=300 280 218 62 216 155 128 86 60 63 42 42 61 42
is_linear=0
shrinkage=0.05


Tree=11
num_leaves=10
num_cat=0
split_feature=1 1 0 4 1 1 1 4 2
split_gain=9.67925 0.0284356 0.0151161 0.00904152 0.0237704 0.0193595 0.0146822 0.00658494 0.00568219
threshold=0.66600000000000004 0.55650000000000011 1.0000000180025095e-35 0.78700000000000003 0.46800000000000003 0.46150000000000008 0.52050000000000007 0.99250000000000005 12.500000000000002
decision_type=2 2 2 2 2 2 2 2 2
left_child=1 2 3 4 -1 -5 -6 -4 -3
right_child=-2 8 7 5 6 -7 -8 -9 -10
leaf_value=-0.045975326217695449 0.034547408745861 -0.065427216326499255 -0.068701171024986282 -0.056423314035407027 -0.062320893324848317 -0.043308195901414347 -0.051156555806783369 -0.056163818370221767 -0.058931416504089534
leaf_weight=0.55571101186797078 7.7250063866376877 0.6929680500179527 0.2146373577415942 0.49450950138270855 0.82830912340432383 0.65285305771976709 0.4569405117072165 0.20453490084037185 0.65475201932713389
leaf_count=32 24 30 43 20 34 28 23 35 31
internal_value=3.61926e-10 -0.0561234 -0.0536918 -0.0524445 -0.0546158 -0.0489608 -0.0583517 -0.0625836 -0.0622714
internal_weight=12.4802 4.75522 3.4075 2.98832 1.84096 1.14736 1.28525 0.419172 1.34772
internal_count=300 276 215 137 89 48 57 78 61
is_linear=0
shrinkage=0.05


Tree=12
num_leaves=10
num_cat=0
split_feature=1 1 0 4 1 1 1 4 2
split_gain=8.61429 0.0266206 0.0139649 0.007779 0.0222833 0.0171579 0.0134382 0.00608937 0.00521353
threshold=0.66600000000000004 0.55650000000000011 1.0000000180025095e-35 0.78700000000000003 0.46800000000000003 0.46150000000000008 0.52050000000000007 0.99250000000000005 12.500000000000002
decision_type=2 2 2 2 2 2 2 2 2
left_child=1 2 3 4 -1 -5 -6 -4 -3
right_child=-2 8 7 5 6 -7 -8 -9 -10
leaf_value=-0.044462398117348693 0.032565035141468558 -0.06396419781398649 -0.066967141902535096 -0.055015947352851896 -0.060793922359486274 -0.042339264735812586 -0.049833344595355988 -0.054665124332705595 -0.057578557437895132
leaf_weight=0.51532784150913413 7.5730725303292274 0.65780468471348263 0.20895848423242558 0.46786711132153869 0.78073101770132758 0.62150852475315332 0.43571755615994334 0.19396379869431257 0.62177612213417888
leaf_count=32 24 30 43 20 34 28 23 35 31
internal_value=1.92793e-10 -0.0547594 -0.0523376 -0.051094 -0.0531764 -0.0477837 -0.056868 -0.061045 -0.0608613
internal_weight=12.0767 4.50366 3.22407 2.82115 1.73178 1.08938 1.21645 0.402922 1.27958
internal_count=300 276 215 137 89 48 57 78 61
is_linear=0
shrinkage=0.05


Tree=13
num_leaves=10
num_cat=0
split_feature=1 1 0 4 1 1 1 4 2
split_gain=7.69472 0.0252608 0.0127736 0.00740557 0.0199783 0.0152937 0.0121331 0.00549965 0.00487502
threshold=0.66600000000000004 0.55650000000000011 1.0000000180025095e-35 0.78700000000000003 0.46800000000000003 0.46150000000000008 0.52050000000000007 0.99250000000000005 12.500000000000002
decision_type=2 2 2 2 2 2 2 2 2
left_child=1 2 3 4 -1 -5 -6 -4 -3
right_child=-2 8 7 5 6 -7 -8 -9 -10
leaf_value=-0.043461163353577859 0.030748113668004579 -0.062683853036388307 -0.065379324222787694 -0.053558900028971769 -0.059389180137365265 -0.041257077135885147 -0.048704374803367839 -0.05339100651221497 -0.056342679390418621
leaf_weight=0.48806403623893913 7.4259681068360806 0.62395695038139798 0.19888043031096447 0.44229787448421121 0.73595280200242974 0.58921767398715019 0.4158061295747757 0.18433642480522394 0.58940185140818357
leaf_count=32 24 30 43 20 34 28 23 35 31
internal_value=1.83176e-10 -0.0535003 -0.0510758 -0.0498512 -0.0519392 -0.0465319 -0.0555318 -0.0596127 -0.0596036
internal_weight=11.6939 4.26791 3.05456 2.67134 1.63982 1.03152 1.15176 0.383217 1.21336
internal_count=300 276 215 137 89 48 57 78 61
is_linear=0
shrinkage=0.05


Tree=14
num_leaves=10
num_cat=0
split_feature=1 1 0 4 1 1 1 4 2
split_gain=6.8944 0.0242716 0.0116964 0.00660991 0.0185439 0.0141809 0.0113088 0.00495848 0.00464727
threshold=0.66600000000000004 0.55650000000000011 1.0000000180025095e-35 0.78700000000000003 0.46800000000000003 0.46150000000000008 0.52050000000000007 0.99250000000000005 12.500000000000002
decision_type=2 2 2 2 2 2 2 2 2
left_child=1 2 3 4 -1 -5 -6 -4 -3
right_child=-2 8 7 5 6 -7 -8 -9 -10
leaf_value=-0.042316808937206567 0.029070752581407778 -0.061557100169901569 -0.06395877852826197 -0.05242131955519156 -0.058131344839229507 -0.040280945754656683 -0.047554085481010477 -0.052238891469168137 -0.055197457256591857
leaf_weight=0.46114033879712302 7.2834960334002972 0.59314367827028014 0.18711387366056431 0.42081089690327633 0.6933354386128483 0.56147753866389394 0.39762789569795132 0.1743333600461483 0.55702365376055241
leaf_count=32 24 30 43 20 34 28 23 35 31
internal_value=1.05015e-09 -0.0523323 -0.0498917 -0.0486916 -0.050723 -0.0454819 -0.0542762 -0.058306 -0.0584771
internal_weight=11.3295 4.04601 2.89584 2.53439 1.5521 0.982288 1.09096 0.361447 1.15017
internal_count=300 276 215 137 89 48 57 78 61
is_linear=0
shrinkage=0.05


Tree=15
num_leaves=10
num_cat=0
split_feature=1 1 0 4 1 1 1 4 2
split_gain=6.19333 0.0234765 0.0109416 0.00647509 0.0176763 0.0132882 0.0105912 0.00458664 0.0044696
threshold=0.66600000000000004 0.55650000000000011 1.0000000180025095e-35 0.78700000000000003 0.46800000000000003 0.46150000000000008 0.52050000000000007 0.99250000000000005 12.500000000000002
decision_type=2 2 2 2 2 2 2 2 2
left_child=1 2 3 4 -1 -5 -6 -4 -3
right_child=-2 8 7 5 6 -7 -8 -9 -10
leaf_value=-0.041217884486887096 0.02751297150622109 -0.060559180079732648 -0.062733136284109689 -0.051228673642996519 -0.057054802580723353 -0.03916362375272029 -0.046558580710500952 -0.051151945575905682 -0.054151843909730241
leaf_weight=0.43680177768692496 7.1456879414618015 0.56138687115162589 0.17709172889590252 0.39900069497525681 0.6563458922319112 0.53318322449922562 0.37918528309091926 0.16528530884534121 0.52833052584901452
leaf_count=32 24 30 43 20 34 28 23 35 31
internal_value=4.87612e-11 -0.0512429 -0.0487794 -0.0475887 -0.0496532 -0.0443278 -0.0532114 -0.0571422 -0.0574527
internal_weight=10.9823 3.83661 2.74689 2.40452 1.47233 0.932184 1.03553 0.342377 1.08972
internal_count=300 276 215 137 89 48 57 78 61
is_linear=0
shrinkage=0.05


Tree=16
num_leaves=10
num_cat=0
split_feature=1 1 0 2 1 1 2 4 1
split_gain=5.57575 0.02285 0.0103547 0.00636258 0.00634147 0.0118069 0.00435089 0.0042687 0.00090614
threshold=0.66600000000000004 0.55650000000000011 1.0000000180025095e-35 4.5000000000000009 0.51850000000000007 0.48550000000000004 12.500000000000002 0.99250000000000005 0.44250000000000006
decision_type=2 2 2 2 2 2 2 2 2
left_child=1 2 3 -1 5 8 -3 -4 -5
right_child=-2 6 7 4 -6 -7 -8 -9 -10
leaf_value=-0.051525600414504269 0.02605882259748446 -0.059671943665414541 -0.061635720837754676 -0.045269014705932246 -0.040474203434462258 -0.053016862831146566 -0.053177481246769048 -0.050158067441231163 -0.041749051838903234
leaf_weight=0.49959510378539684 7.0126230306923389 0.53073957096785285 0.16753305494785298 0.30229958822019376 0.51684840023517598 0.50060119666159153 0.50163361104205251 0.15685161901637912 0.46265435498207808
leaf_count=35 24 30 43 20 30 25 31 35 27
internal_value=-2.25587e-09 -0.0502207 -0.047727 -0.0465388 -0.045141 -0.0470469 -0.0565163 -0.0560859 -0.0431401
internal_weight=10.6514 3.63876 2.60638 2.282 1.7824 1.26556 1.03237 0.324385 0.764954
internal_count=300 276 215 137 102 72 61 78 47
is_linear=0
shrinkage=0.05


Tree=17
num_leaves=10
num_cat=0
split_feature=1 1 0 2 1 1 2 4 1
split_gain=5.02924 0.0223146 0.00986942 0.00612073 0.00561205 0.0106267 0.00427618 0.00403354 0.00246474
threshold=0.66600000000000004 0.55650000000000011 1.0000000180025095e-35 4.5000000000000009 0.51850000000000007 0.48550000000000004 12.500000000000002 0.99250000000000005 0.45150000000000007
decision_type=2 2 2 2 2 2 2 2 2
left_child=1 2 3 -1 5 8 -3 -4 -5
right_child=-2 6 7 4 -6 -7 -8 -9 -10
leaf_value=-0.050572741586900255 0.024694818948645531 -0.058879623905417094 -0.060645984552258829 -0.044789743211335629 -0.039656277013983637 -0.051810925508227537 -0.05225839780609131 -0.04920196037963092 -0.038925471092258128
leaf_weight=0.47299564210698131 6.8845054395496845 0.50172548089176405 0.1590302176773547 0.40329588134773053 0.49430403602309514 0.47387060010805726 0.47442877967841923 0.1492639034986496 0.32242524228058755
leaf_count=35 24 30 43 28 30 25 31 35 19
internal_value=6.90438e-10 -0.0492596 -0.0467348 -0.0455439 -0.0441397 -0.0459871 -0.0556616 -0.0551052 -0.0421843
internal_weight=10.3358 3.45134 2.47519 2.16689 1.6939 1.19959 0.976154 0.308294 0.725721
internal_count=300 276 215 137 102 72 61 78 47
is_linear=0
shrinkage=0.05


Tree=18
num_leaves=12
num_cat=0
split_feature=1 1 1 4 1 1 1 1 2 4 1
split_gain=4.54368 0.0219537 0.0092771 0.0110058 0.0178592 0.0126021 0.00712998 0.00833957 0.0041975 0.0036736 0.000682007
threshold=0.66600000000000004 0.55650000000000011 0.43950000000000006 0.78700000000000003 0.46150000000000008 0.50900000000000012 0.52050000000000007 0.47650000000000003 12.500000000000002 0.99250000000000005 0.49050000000000005
decision_type=2 2 2 2 2 2 2 2 2 2 2
left_child=1 2 9 6 -5 -6 7 -4 -3 -1 -9
right_child=-2 8 3 4 5 -7 -8 10 -10 -11 -12
leaf_value=-0.032781967911104569 0.023411779646070781 -0.058169783955125225 -0.045313519886612919 -0.053494638005597839 -0.028399802678935684 -0.043995349268168622 -0.043707234928154592 -0.05378091068290998 -0.0514221691253453 -0.043226364657944341 -0.05711200576319482
leaf_weight=0.16524985665455538 6.7613796852529049 0.47334932163357724 0.29238761309534333 0.24636573437601317 0.2299592571798712 0.29661340615712106 0.33169348118826747 0.28715729038231075 0.44919556146487594 0.17163520306348801 0.33051831740885973
leaf_count=26 24 30 29 17 22 25 31 18 31 20 27
internal_value=-3.14369e-10 -0.0483476 -0.0457831 -0.0470673 -0.0423833 -0.0371846 -0.0499829 -0.0522703 -0.0548843 -0.0381031 -0.0555634
internal_weight=10.0355 3.27413 2.35158 2.0147 0.772938 0.526573 1.24176 0.910063 0.922545 0.336885 0.617676
internal_count=300 276 215 169 64 47 105 74 61 46 45
is_linear=0
shrinkage=0.05


Tree=19
num_leaves=10
num_cat=0
split_feature=1 1 0 1 2 1 2 1 4
split_gain=4.10978 0.0217812 0.00916472 0.00607111 0.0147584 0.00835637 0.00413447 0.00399096 0.00373962
threshold=0.66600000000000004 0.55650000000000011 1.0000000180025095e-35 0.46800000000000003 8.5000000000000018 0.42750000000000005 12.500000000000002 0.51850000000000007 0.99250000000000005
decision_type=2 2 2 2 2 2 2 2 2
left_child=1 2 3 5 -5 -1 -3 -6 -4
right_child=-2 6 8 4 7 -7 -8 -9 -10
leaf_value=-0.047051996751431097 0.022200493745142727 -0.057531754698819861 -0.059061101217874702 -0.053067399418436127 -0.044754436044068716 -0.035712562400049025 -0.050643577921076356 -0.037695423125116992 -0.047430497065234445
leaf_weight=0.25775288185104805 6.6431056223809719 0.44625226128846396 0.14128022082149971 0.4431300063151864 0.46857042703777552 0.43950809480156749 0.42562248790636659 0.34963734610937536 0.13530323724262416
leaf_count=18 24 30 43 32 29 36 31 22 35
internal_value=3.76105e-11 -0.0474662 -0.0448516 -0.0436485 -0.0457182 -0.0399044 -0.0541692 -0.041738 -0.0533715
internal_weight=9.75016 3.10706 2.23518 1.9586 1.26134 0.697261 0.871875 0.818208 0.276583
internal_count=300 276 215 137 83 54 61 51 78
is_linear=0
shrinkage=0.05


Tree=20
num_leaves=11
num_cat=0
split_feature=1 1 0 1 4 1 1 2 4 1
split_gain=3.72317 0.0215849 0.0087524 0.00582618 0.0147617 0.00896016 0.00814696 0.00410151 0.00362592 1.61648e-05
threshold=0.66600000000000004 0.55650000000000011 1.0000000180025095e-35 0.46800000000000003 0.78700000000000003 0.52050000000000007 0.42750000000000005 12.500000000000002 0.99250000000000005 0.48350000000000004
decision_type=2 2 2 2 2 2 2 2 2 2
left_child=1 2 3 6 5 -5 -1 -3 9 -4
right_child=-2 7 8 4 -6 -7 -8 -9 -10 -11
leaf_value=-0.046235646584278006 0.021059295707887643 -0.056956374757759831 -0.058961856747220244 -0.052874249809462287 -0.036970156537626926 -0.041981074905799796 -0.034771250454664088 -0.049896499830624851 -0.046559848920390036 -0.057851550163751188
leaf_weight=0.24594473862089294 6.5297736003994942 0.420484417118132 0.059733461588621029 0.49868979514576472 0.39771009888499975 0.30376404756680131 0.41891438839957118 0.40280141588300467 0.12840658589266241 0.072651948779821396
leaf_count=18 24 30 21 34 26 23 36 31 35 22
internal_value=-1.72525e-09 -0.0466286 -0.0439666 -0.0427669 -0.0448469 -0.0487507 -0.0390122 -0.0535023 -0.0525461 -0.0583525
internal_weight=9.47887 2.9491 2.12582 1.86502 1.20016 0.802454 0.664859 0.823286 0.260792 0.132385
internal_count=300 276 215 137 83 57 54 61 78 43
is_linear=0
shrinkage=0.05


Tree=21
num_leaves=11
num_cat=0
split_feature=1 1 0 2 4 2 4 1 2 1
split_gain=3.37624 0.0214214 0.00837907 0.00589089 0.00411706 0.00408954 0.00365505 0.00308437 0.00176042 1.28123e-05
threshold=0.66600000000000004 0.55650000000000011 1.0000000180025095e-35 4.5000000000000009 0.78700000000000003 12.500000000000002 0.99250000000000005 0.51550000000000018 12.500000000000002 0.48350000000000004
decision_type=2 2 2 2 2 2 2 2 2 2
left_child=1 2 3 -1 7 -3 9 -5 -6 -4
right_child=-2 5 6 4 8 -7 -8 -9 -10 -11
leaf_value=-0.047360389594129498 0.019977370317560562 -0.05643578182402334 -0.058278890039284909 -0.045077937103588324 -0.034483178618158722 -0.049178748153043191 -0.045566727304029456 -0.038277000640770442 -0.039798502092030376 -0.057263889617149857
leaf_weight=0.38736544339917678 6.4214106947183609 0.39589237933978427 0.057013256475329288 0.51230099494568981 0.28437528875656426 0.38092182064428926 0.12189646833576262 0.24713520100340247 0.34446624713018537 0.068381847813725471
leaf_count=35 24 30 21 37 22 31 35 20 23 22
internal_value=-7.55437e-10 -0.0458194 -0.0431092 -0.0419083 -0.0403871 -0.0528772 -0.0517321 -0.0428648 -0.0373948 -0.0577254
internal_weight=9.22116 2.79975 2.02293 1.77564 1.38828 0.776814 0.247292 0.759436 0.628842 0.125395
internal_count=300 276 215 137 102 61 78 57 45 43
is_linear=0
shrinkage=0.05


Tree=22
num_leaves=11
num_cat=0
split_feature=1 1 0 1 2 1 2 1 4 1
split_gain=3.06474 0.0212983 0.00810528 0.00596162 0.0146087 0.00793267 0.00408718 0.00385269 0.00356487 1.00116e-05
threshold=0.66600000000000004 0.55650000000000011 1.0000000180025095e-35 0.46800000000000003 8.5000000000000018 0.42750000000000005 12.500000000000002 0.52500000000000013 0.99250000000000005 0.48350000000000004
decision_type=2 2 2 2 2 2 2 2 2 2
left_child=1 2 3 5 -5 -1 -3 -6 9 -4
right_child=-2 6 8 4 7 -7 -8 -9 -10 -11
leaf_value=-0.044575813607222708 0.018950579434089718 -0.055963610687216385 -0.057650102143646131 -0.051139088406501443 -0.035980108851657276 -0.03268674582464192 -0.04849653230817802 -0.043507025376692876 -0.044783770509453043 -0.056723790066717572
leaf_weight=0.22254609433002803 6.3182655088603497 0.37263966677710403 0.053655358031391986 0.38327186089009024 0.42158838012255728 0.37964613363146782 0.36058882460929453 0.28489301982335746 0.11568665131926537 0.063919076696038246
leaf_count=18 24 30 21 32 33 36 31 18 35 22
internal_value=-1.90866e-09 -0.0450396 -0.0422777 -0.0410731 -0.0432794 -0.0370805 -0.0522914 -0.0390154 -0.0510152 -0.0571465
internal_weight=8.9767 2.65844 1.92521 1.69195 1.08975 0.602192 0.733228 0.706481 0.233261 0.117574
internal_count=300 276 215 137 83 54 61 51 78 43
is_linear=0
shrinkage=0.05


Tree=23
num_leaves=11
num_cat=0
split_feature=1 1 0 2 1 1 2 1 2 1
split_gain=2.78487 0.0212205 0.00769207 0.00566652 0.0044056 0.00876619 0.00409581 0.00363946 0.00690107 0.00152502
threshold=0.66600000000000004 0.55650000000000011 1.0000000180025095e-35 4.5000000000000009 0.51850000000000007 0.48550000000000004 12.500000000000002 0.48350000000000004 6.5000000000000009 0.45150000000000007
decision_type=2 2 2 2 2 2 2 2 2 2
left_child=1 2 3 -1 5 9 -3 8 -4 -5
right_child=-2 6 7 4 -6 -7 -8 -9 -10 -11
leaf_value=-0.045898498287113842 0.017980019195148668 -0.055534500632979045 -0.056795104140431978 -0.039049873049619585 -0.034203237991604844 -0.046876584622686075 -0.047839752033341509 -0.056693049198339278 -0.031775226744308861 -0.033704362299438025
leaf_weight=0.34981075301766429 6.2196708917617798 0.35054155671969045 0.053177457302808651 0.29936057596933074 0.37972054933197796 0.34431876754388213 0.34133394784294069 0.10950803570449352 0.05721169849857688 0.24070825020316988
leaf_count=35 24 30 15 28 30 25 31 36 27 19
internal_value=-1.94997e-09 -0.0442769 -0.0414618 -0.0402665 -0.038708 -0.0406421 -0.0517383 -0.0502347 -0.043828 -0.0366674
internal_weight=8.74536 2.52569 1.83382 1.61392 1.26411 0.884388 0.691876 0.219897 0.110389 0.540069
internal_count=300 276 215 137 102 72 61 78 42 47
is_linear=0
shrinkage=0.05


Tree=24
num_leaves=11
num_cat=0
split_feature=1 1 0 1 4 1 1 2 4 1
split_gain=2.53155 0.0211698 0.00772394 0.00590376 0.0140187 0.00881947 0.00777063 0.00411335 0.00354578 7.78041e-06
threshold=0.66600000000000004 0.55650000000000011 1.0000000180025095e-35 0.46800000000000003 0.78700000000000003 0.52050000000000007 0.42750000000000005 12.500000000000002 0.99250000000000005 0.48350000000000004
decision_type=2 2 2 2 2 2 2 2 2 2
left_child=1 2 3 6 5 -5 -1 -3 9 -4
right_child=-2 7 8 4 -6 -7 -8 -9 -10 -11
leaf_value=-0.043064693340700039 0.017052624988041106 -0.055143233684785603 -0.05666117594766952 -0.050515583063773753 -0.033313817768878429 -0.038640887629903878 -0.030728528757938363 -0.047204826819918777 -0.043164244224633906 -0.05579550578437769
leaf_weight=0.20213846722617768 6.1261160969734192 0.32958081271499384 0.048125036060809978 0.40608519944362342 0.32929811719805002 0.25427295290865004 0.34643527469597757 0.32320410059764981 0.10437226551584899 0.056345835328102112
leaf_count=18 24 30 21 34 26 23 36 31 35 22
internal_value=-2.17071e-09 -0.0435302 -0.0406597 -0.0394347 -0.0417409 -0.0459432 -0.0352742 -0.0512128 -0.0496823 -0.0561943
internal_weight=8.52597 2.39986 1.74707 1.53823 0.989656 0.660358 0.548574 0.652785 0.208843 0.104471
internal_count=300 276 215 137 83 57 54 61 78 43
is_linear=0
shrinkage=0.05


Tree=25
num_leaves=12
num_cat=0
split_feature=1 1 1 2 4 1 1 1 2 2 1
split_gain=2.30289 0.021128 0.0076245 0.0113158 0.012949 0.00723999 0.00520946 0.00867143 0.00414325 0.00398444 0.00131644
threshold=0.66600000000000004 0.55650000000000011 0.43950000000000006 8.5000000000000018 0.78700000000000003 0.50900000000000012 0.52050000000000007 0.48750000000000004 12.500000000000002 11.000000000000002 0.47850000000000004
decision_type=2 2 2 2 2 2 2 2 2 2 2
left_child=1 2 9 10 6 -6 7 -5 -3 -1 -4
right_child=-2 8 3 4 5 -7 -8 -9 -10 -11 -12
leaf_value=-0.025608276298603311 0.016172211448657006 -0.054785893545248876 -0.043860328533897437 -0.038180885366266661 -0.022865920016061879 -0.038028991162074074 -0.035548868521646786 -0.053103901026175321 -0.046582424839238745 -0.038738309140570602 -0.048983450554725673
leaf_weight=0.12888246867805753 6.0371014140546322 0.3097773347981273 0.20295261219143845 0.19624574494082481 0.17449620575644076 0.14343244372867048 0.19367382419295609 0.19316227547824383 0.30591385078150779 0.10473300260491669 0.32811960228718817
leaf_count=25 24 30 22 22 27 20 21 21 31 21 36
internal_value=9.99357e-10 -0.0427955 -0.0398701 -0.0412364 -0.0378242 -0.0297067 -0.0422503 -0.0455833 -0.0507099 -0.0314946 -0.0470256
internal_weight=8.31849 2.28139 1.6657 1.43208 0.90101 0.317929 0.583082 0.389408 0.615691 0.233615 0.531072
internal_count=300 276 215 169 111 47 64 43 61 46 58
is_linear=0
shrinkage=0.05


Tree=26
num_leaves=11
num_cat=0
split_feature=1 1 0 2 1 4 2 1 2 1
split_gain=2.09585 0.0210884 0.00781824 0.00546972 0.0113763 0.00574504 0.00418992 0.00338176 0.00648988 0.00097148
threshold=0.66600000000000004 0.55650000000000011 1.0000000180025095e-35 8.5000000000000018 0.47650000000000003 0.78700000000000003 12.500000000000002 0.48350000000000004 6.5000000000000009 0.49650000000000005
decision_type=2 2 2 2 2 2 2 2 2 2
left_child=1 2 3 4 -1 9 -3 8 -4 -5
right_child=-2 6 7 5 -6 -7 -8 -9 -10 -11
leaf_value=-0.033267991643244586 0.015334971515643094 -0.054458904484043238 -0.055550368930850892 -0.036344009753913546 -0.048267059886585917 -0.030108045156488236 -0.045961828440576134 -0.05549102413789965 -0.029583180969149577 -0.040509361310086339
leaf_weight=0.22003577707801036 5.9524878412485123 0.29108974849805225 0.046440811827778705 0.27354897139593959 0.29713544598780572 0.32364351069554687 0.28923439350910485 0.092204634100198746 0.049932570429518819 0.28668469213880599
leaf_count=25 24 30 15 28 30 31 31 36 27 23
internal_value=8.10237e-10 -0.042066 -0.0390878 -0.0378014 -0.0418856 -0.0354117 -0.0502239 -0.0486456 -0.0420964 -0.0384755
internal_weight=8.12244 2.16995 1.58963 1.40105 0.517171 0.883877 0.580324 0.188578 0.0963734 0.560234
internal_count=300 276 215 137 55 82 61 78 42 51
is_linear=0
shrinkage=0.05


Tree=27
num_leaves=13
num_cat=0
split_feature=2 1 1 1 1 2 1 1 1 1 2 1
split_gain=2.01098 3.88818 0.634592 0.717459 0.0161877 0.00995801 0.00615396 0.0102417 0.0113321 0.00897104 0.00354965 0.000916958
threshold=1.0000000180025095e-35 0.66600000000000004 0.86850000000000016 0.78900000000000015 0.55650000000000011 4.5000000000000009 0.51850000000000007 0.48550000000000004 0.46150000000000008 0.44450000000000006 12.500000000000002 0.5375000000000002
decision_type=2 2 2 2 2 2 2 2 2 2 2 2
left_child=2 4 3 -1 5 -2 7 8 9 -7 -6 -8
right_child=1 -3 -4 -5 10 6 11 -9 -10 -11 -12 -13
leaf_value=-0.023415985059413731 -0.048703791744834607 0.048435349068714967 -0.0079790033399086933 -0.093593022007588025 -0.054170781009015283 -0.031751040730681884 -0.027768808600181844 -0.045735431384729533 -0.022717986813942482 -0.046893501004025819 -0.045371116737380479 -0.0331356338927788
leaf_weight=0.73773038550280057 0.19797960924915958 3.5048193112015724 1.1177024096250532 0.71932625770568848 0.19693179382011283 0.20482979074586161 0.14717958762776107 0.32869061268866062 0.14735934062628075 0.18720831151586026 0.27412777533754706 0.17330775037407875
leaf_count=37 24 14 3 5 22 38 20 41 23 20 31 22
internal_value=1.61996e-09 0.0174392 -0.0363206 -0.0580613 -0.0410421 -0.0383216 -0.0365922 -0.0387782 -0.0345388 -0.038982 -0.0490499 -0.030671
internal_weight=7.93719 5.36243 2.57476 1.45706 1.85761 1.38656 1.18858 0.868088 0.539397 0.392038 0.47106 0.320487
internal_count=300 255 45 42 241 188 164 122 81 58 53 42
is_linear=0
shrinkage=0.05


Tree=28
num_leaves=11
num_cat=0
split_feature=1 1 4 1 1 2 2 1 1 1
split_gain=1.63503 0.0305139 0.0136019 0.0312538 0.0278432 0.00911693 0.0079089 0.00621402 0.00249255 0.0023617
threshold=0.66600000000000004 0.54300000000000015 0.78700000000000003 0.46150000000000008 0.46800000000000003 12.500000000000002 12.500000000000002 0.50350000000000017 0.43950000000000006 0.5655
decision_type=2 2 2 2 2 2 2 2 2 2
left_child=1 2 4 -4 8 -6 -3 -7 -1 -8
right_child=-2 6 3 -5 5 7 9 -9 -10 -11
leaf_value=-0.018589623478151206 0.01476192973494804 -0.052702640177920257 -0.03979171262557351 -0.015883053042917164 -0.052690608275587462 -0.046185009421103561 -0.046214951925576814 -0.032995612182713886 -0.028529300163681673 -0.037828553056876948
leaf_weight=0.10597931127995275 5.2327923085540533 0.31712299771606911 0.27246122434735298 0.27429978386498988 0.20383098861202598 0.17461066320538521 0.15618191007524729 0.1827859275508672 0.15578843571711332 0.18151330330874771
leaf_count=25 24 36 38 42 28 20 19 21 24 23
internal_value=-9.27156e-10 -0.0381542 -0.0339101 -0.0277972 -0.0379712 -0.0442521 -0.0470322 -0.0394395 -0.0245051 -0.0417072
internal_weight=7.25737 2.02457 1.36976 0.546761 0.822995 0.561228 0.654818 0.357397 0.261768 0.337695
internal_count=300 276 198 80 118 69 78 41 49 42
is_linear=0
shrinkage=0.05


Tree=29
num_leaves=11
num_cat=0
split_feature=1 1 0 1 4 1 1 2 4 1
split_gain=1.48368 0.030372 0.0106759 0.00917259 0.0201795 0.0114764 0.0113425 0.0063691 0.0053271 5.21852e-06
threshold=0.66600000000000004 0.55650000000000011 1.0000000180025095e-35 0.46800000000000003 0.78700000000000003 0.52050000000000007 0.42750000000000005 12.500000000000002 0.99250000000000005 0.48350000000000004
decision_type=2 2 2 2 2 2 2 2 2 2
left_child=1 2 3 6 5 -5 -1 -3 9 -4
right_child=-2 7 8 4 -6 -7 -8 -9 -10 -11
leaf_value=-0.036883568197343224 0.013994472925464883 -0.053684844462574169 -0.055050134759309033 -0.047017046868971672 -0.024424773034494779 -0.031959495078534572 -0.02054059356387444 -0.042389662888690338 -0.036710836202099383 -0.054252685017694494
leaf_weight=0.16662583290599264 5.1595518458634615 0.24778988491743792 0.038849536329507717 0.3195892097428441 0.27839831449091434 0.20949100935831666 0.29259189916774631 0.25145643262658268 0.083610440837219357 0.043471666052937508
leaf_count=18 24 30 21 34 26 23 36 31 35 22
internal_value=1.10359e-09 -0.0373757 -0.0336748 -0.0321126 -0.0353213 -0.041055 -0.0264706 -0.0479958 -0.0456003 -0.054629
internal_weight=7.09143 1.93187 1.43263 1.2667 0.807479 0.52908 0.459218 0.499246 0.165932 0.0823212
internal_count=300 276 215 137 83 57 54 61 78 43
is_linear=0
shrinkage=0.05


Tree=30
num_leaves=15
num_cat=0
split_feature=4 1 1 0 1 2 0 1 1 1 1 1 1 1
split_gain=1.36943 2.65015 1.10227 2.91213 1.90645 0.563533 1.04845 0.140243 0.0248661 0.0297737 0.0159137 0.0134137 0.0059648 0.012092
threshold=0.78700000000000003 0.66600000000000004 0.88950000000000007 0.45000000000000007 0.75500000000000012 1.5000000000000002 0.22500000000000003 0.66600000000000004 0.54300000000000015 0.46150000000000008 0.47650000000000003 0.48550000000000004 0.52050000000000007 0.55650000000000011
decision_type=2 2 2 2 2 2 2 2 2 2 2 2 2 2
left_child=2 8 3 4 5 7 10 11 9 -2 -7 -1 -12 -14
right_child=1 -3 -4 -5 -6 6 -8 -9 -10 -11 12 -13 13 -15
leaf_value=-0.029350531663526913 -0.038445584933204068 0.090288892530487497 0.029479524535533888 -0.095604611311580878 0.047920238780281135 -0.024334275453678722 0.086751884093750606 -0.087634969160837878 -0.04513499205828464 -0.014198053249372677 -0.047831659098092866 -0.05114471025959149 -0.028656182243165636 -0.047459080347645489
leaf_weight=0.12029461842030353 0.24941553408280004 1.0241301227360962 1.1726169139146803 1.0831927489489315 1.2232866659760473 0.17116834607440978 0.21849401295185089 0.4050288200378418 0.26101685082539916 0.25710619473829865 0.234812683891505 0.17090311693027616 0.18199506402015686 0.16127458517439663
leaf_count=25 38 4 4 16 7 28 11 2 29 42 25 29 23 17
internal_value=2.39575e-09 0.0376449 -0.0131142 -0.0256937 0.000534348 -0.0343019 -0.00962154 -0.0686073 -0.0325981 -0.0261377 -0.0377256 -0.0421415 -0.0416908 -0.0374901
internal_weight=6.93474 1.79167 5.14307 3.97045 2.88726 1.66397 0.967745 0.696227 0.767539 0.506522 0.749251 0.291198 0.578082 0.34327
internal_count=300 113 187 183 167 160 104 56 109 80 93 54 65 40
is_linear=0
shrinkage=0.05


Tree=31
num_leaves=11
num_cat=0
split_feature=1 1 4 1 1 1 2 1 1 1
split_gain=1.28605 0.0363002 0.0124675 0.0369226 0.0337923 0.0106481 0.00937133 0.00305523 0.00304636 0.00204635
threshold=0.66600000000000004 0.54300000000000015 0.78700000000000003 0.46800000000000003 0.46150000000000008 0.51850000000000007 12.500000000000002 0.43950000000000006 0.5655 0.49050000000000005
decision_type=2 2 2 2 2 2 2 2 2 2
left_child=1 2 3 7 -4 9 -3 -1 -8 -5
right_child=-2 6 4 5 -6 -7 8 -9 -10 -11
leaf_value=-0.011845701198554617 0.015485262195890196 -0.051742662887076199 -0.036800239858306778 -0.043165802145364141 -0.011292002588944198 -0.031148824278763611 -0.044514240238925584 -0.022997771954800825 -0.034379435447769766 -0.050870133594782353
leaf_weight=0.10367601609323152 4.1448112316429615 0.27406718395650376 0.25779715785756707 0.1866680309176445 0.26157597824931145 0.16056341514922678 0.13499586889520288 0.15066371171269566 0.16449541866313666 0.16011830978095531
leaf_count=25 24 36 38 23 42 20 19 24 23 26
internal_value=-1.79394e-09 -0.0346073 -0.0299267 -0.0339998 -0.0239533 -0.0417942 -0.0450616 -0.0184519 -0.0389477 -0.046723
internal_weight=5.99943 1.85462 1.28106 0.761689 0.519373 0.50735 0.573558 0.25434 0.299491 0.346786
internal_count=300 276 198 118 80 69 78 49 42 49
is_linear=0
shrinkage=0.05


Tree=32
num_leaves=12
num_cat=0
split_feature=2 1 1 0 1 4 1 1 1 2 1
split_gain=1.20453 2.63204 0.321799 0.573443 0.0279128 0.012676 0.0328271 0.0248337 0.00801372 0.00770496 0.00294599
threshold=1.0000000180025095e-35 0.66600000000000004 0.86850000000000016 0.22500000000000003 0.54300000000000015 0.78700000000000003 0.46150000000000008 0.47650000000000003 0.51550000000000018 12.500000000000002 0.5655
decision_type=2 2 2 2 2 2 2 2 2 2 2
left_child=2 4 3 -1 5 7 -7 -2 -9 -6 -11
right_child=1 -3 -4 -5 9 6 -8 8 -10 10 -12
leaf_value=-0.013053540598696484 -0.019460193181446202 0.049995964751084802 -0.009599210082009188 -0.086312685177638335 -0.051033284345802843 -0.036198539500729737 -0.010645543803282686 -0.046893285485196612 -0.032752082869270713 -0.043845539246670034 -0.03361451834407421
leaf_weight=0.5208252801094202 0.1997718488564717 2.3165998943150043 0.86429671198129643 0.5483654048293829 0.19855243200436223 0.24715339881367981 0.25573928141966462 0.23833534494042397 0.17283718893304467 0.12748900335282087 0.15702129970304668
leaf_count=32 38 14 3 10 28 38 42 33 20 19 23
internal_value=-9.56037e-10 0.0159515 -0.0322868 -0.0506266 -0.0334364 -0.0290831 -0.0232039 -0.0339224 -0.040949 -0.0434743 -0.038199
internal_weight=5.84699 3.9135 1.93349 1.06919 1.5969 1.11384 0.502893 0.610944 0.411173 0.483063 0.28451
internal_count=300 255 45 42 241 171 80 91 53 70 42
is_linear=0
shrinkage=0.05


Tree=33
num_leaves=12
num_cat=0
split_feature=1 1 0 1 4 1 2 1 1 1 0
split_gain=1.01413 0.0398973 0.0132351 0.0124203 0.037446 0.0157156 0.0108149 0.00842531 0.00646215 0.00633472 0.00563464
threshold=0.66600000000000004 0.54300000000000015 1.0000000180025095e-35 0.46800000000000003 0.78700000000000003 0.44250000000000006 12.500000000000002 0.48350000000000004 0.56700000000000006 0.51350000000000018 0.22500000000000003
decision_type=2 2 2 2 2 2 2 2 2 2 2
left_child=1 2 3 5 9 -1 -3 10 -8 -5 -4
right_child=-2 6 7 4 -6 -7 8 -9 -10 -11 -12
leaf_value=-0.02656291750869777 0.014507910001145846 -0.051125410454252868 -0.042524769898975683 -0.043198229077839871 -0.012219019784237449 -0.0074078235814415035 -0.044153876956814379 -0.053733994390505239 -0.028771578830242752 -0.030548851387126486 -0.014374242811380201
leaf_weight=0.25422014831565298 3.7710312306880951 0.24321318138390768 0.03762237075716246 0.24985832464881241 0.20891293091699481 0.18500205525197089 0.13958956720307469 0.068969578482210636 0.13364790705963969 0.16390211833640933 0.033697453327476978
leaf_count=32 24 36 22 31 22 22 20 31 22 18 20
internal_value=-7.50437e-10 -0.0318333 -0.0268401 -0.0249332 -0.0294748 -0.0184947 -0.0434563 -0.0412737 -0.03663 -0.0381875 -0.0292241
internal_weight=5.48967 1.71864 1.20218 1.0619 0.622673 0.439222 0.516451 0.140289 0.273237 0.41376 0.0713198
internal_count=300 276 198 125 71 54 78 73 42 49 42
is_linear=0
shrinkage=0.05


Tree=34
num_leaves=12
num_cat=0
split_feature=1 1 0 1 4 1 2 1 1 1 0
split_gain=0.911353 0.0391309 0.0130157 0.0117281 0.0365338 0.017204 0.0109345 0.00833993 0.00630939 0.00615982 0.00539289
threshold=0.66600000000000004 0.54300000000000015 1.0000000180025095e-35 0.46800000000000003 0.78700000000000003 0.42750000000000005 12.500000000000002 0.48350000000000004 0.56700000000000006 0.51350000000000018 0.22500000000000003
decision_type=2 2 2 2 2 2 2 2 2 2 2
left_child=1 2 3 5 9 -1 -3 10 -8 -5 -4
right_child=-2 6 7 4 -6 -7 8 -9 -10 -11 -12
leaf_value=-0.031454460153801711 0.013734229343870849 -0.050857059244081987 -0.041945501027161478 -0.042571415287474379 -0.011462357226254903 -0.010317061622249867 -0.043534062596142648 -0.053501827201029639 -0.027957005094848403 -0.029807885038824252 -0.013941930804211031
leaf_weight=0.14781329152174272 3.7100990917533636 0.22771194437518705 0.035866113379597553 0.23649213253520429 0.20545564172789454 0.27603573468513787 0.1318122991360724 0.064887743443250656 0.12826198677066714 0.15747401933185756 0.033020766219124198
leaf_count=18 24 36 22 31 22 36 20 31 22 18 20
internal_value=-9.8687e-10 -0.0309791 -0.0259717 -0.0240543 -0.0285555 -0.0176885 -0.0428567 -0.0406386 -0.0358519 -0.0374696 -0.0285221
internal_weight=5.35493 1.64483 1.15705 1.02327 0.599422 0.423849 0.487786 0.133775 0.260074 0.393966 0.0688869
internal_count=300 276 198 125 71 54 78 73 42 49 42
is_linear=0
shrinkage=0.05


Tree=35
num_leaves=14
num_cat=0
split_feature=2 1 1 0 1 2 1 1 4 1 1 2 1
split_gain=0.947389 1.91356 0.234264 0.518349 0.0294422 0.0139867 0.0218813 0.0259347 0.0138522 0.0272374 0.0210993 0.00881385 0.00615577
threshold=1.0000000180025095e-35 0.66600000000000004 0.86850000000000016 0.22500000000000003 0.54300000000000015 4.5000000000000009 0.51850000000000007 0.50350000000000017 0.78700000000000003 0.45750000000000007 0.47650000000000003 12.500000000000002 0.56700000000000006
decision_type=2 2 2 2 2 2 2 2 2 2 2 2 2
left_child=2 4 3 -1 5 -2 7 8 10 -10 -7 -6 -13
right_child=1 -3 -4 -5 11 6 -8 -9 9 -11 -12 12 -14
leaf_value=-0.011267415141913891 -0.040520563231564749 0.045348813512170613 -0.0098758604682327583 -0.085158211998595482 -0.050029349210547094 -0.017282442747198989 -0.0066975152490516433 -0.045812746047271174 -0.02746121875404986 0.0044395888979238051 -0.044103827014708372 -0.042952529688541352 -0.027191374276139726
leaf_weight=0.490468895062804 0.1303178961388769 2.0886232480406761 0.76680171489715576 0.45989833120256662 0.16510675265453745 0.16080468962900341 0.16732368874363601 0.14317066920921206 0.15744318207725883 0.11636609514243901 0.13478219090029597 0.12461592070758343 0.12319490185473114
leaf_count=32 22 14 3 10 28 31 27 21 31 20 19 20 22
internal_value=2.0562e-09 0.0148824 -0.0304357 -0.0470244 -0.029831 -0.0252331 -0.022969 -0.0267898 -0.0220066 -0.0139037 -0.0295125 -0.0410798 -0.0351171
internal_weight=5.22892 3.51175 1.71717 0.950367 1.42313 1.01021 0.879891 0.712567 0.569396 0.273809 0.295587 0.412918 0.247811
internal_count=300 255 45 42 241 171 149 122 101 51 50 70 42
is_linear=0
shrinkage=0.05


Tree=36
num_leaves=11
num_cat=0
split_feature=1 1 0 2 1 4 1 4 1 1
split_gain=0.707594 0.0415185 0.0131 0.0121315 0.0113856 0.040153 0.016706 0.00938129 0.00681885 0.00659963
threshold=0.66600000000000004 0.54300000000000015 1.0000000180025095e-35 12.500000000000002 0.46800000000000003 0.78700000000000003 0.44250000000000006 0.99250000000000005 0.56700000000000006 0.51350000000000018
decision_type=2 2 2 2 2 2 2 2 2 2
left_child=1 2 4 -3 6 9 -1 -4 -5 -6
right_child=-2 3 7 8 5 -7 -8 -9 -10 -11
leaf_value=-0.023451004598367166 0.012577616331142474 -0.050285887582196709 -0.053015851166454242 -0.04206523072961383 -0.041140948261794076 -0.00752447090346636 -0.002946883515077426 -0.025255073349684 -0.025109091715239118 -0.027450159471269366
leaf_weight=0.23426198493689276 3.4404996484518051 0.20199538324959565 0.058253612369298935 0.11893080407753587 0.2160353094805032 0.19651801860891283 0.17248643527273089 0.063721958314999938 0.11823970207478851 0.14855249156244099
leaf_count=32 24 36 39 20 31 22 22 34 22 18
internal_value=-1.7833e-10 -0.0283018 -0.0230715 -0.0412811 -0.0211255 -0.0257427 -0.014756 -0.0385132 -0.0336119 -0.0355626
internal_weight=4.9695 1.529 1.08983 0.439166 0.967854 0.561106 0.406748 0.121976 0.237171 0.364588
internal_count=300 276 198 78 125 71 54 73 42 49
is_linear=0
shrinkage=0.05


Tree=37
num_leaves=13
num_cat=0
split_feature=2 1 1 1 2 1 1 2 4 1 1 1
split_gain=0.735458 1.4954 0.178409 0.0295808 0.0152016 0.0189992 0.0262494 0.00984453 0.00818353 0.027463 0.0219733 0.00671552
threshold=1.0000000180025095e-35 0.66600000000000004 0.86850000000000016 0.54300000000000015 4.5000000000000009 0.51850000000000007 0.50350000000000017 12.500000000000002 0.78700000000000003 0.47650000000000003 0.45750000000000007 0.56700000000000006
decision_type=2 2 2 2 2 2 2 2 2 2 2 2
left_child=2 3 -1 4 -2 6 8 -5 9 -6 -10 -9
right_child=1 -3 -4 7 5 -7 -8 11 10 -11 -12 -13
leaf_value=-0.043251321304469424 -0.039147560156481673 0.041356956804367684 -0.0094583792612334752 -0.049418318559481839 -0.01120101273272711 -0.004902042287681008 -0.04407135514527339 -0.041453924939911763 -0.02533015695501652 -0.042756164992435265 0.0039166070785166245 -0.024217728886782999
leaf_weight=0.86818399559706427 0.12297599320299946 1.951367540284991 0.70997751504182816 0.14679357735440135 0.15654603997245431 0.1612575463950634 0.13126146281138062 0.1124123705085367 0.14997736364603043 0.12322981981560588 0.11231623822823167 0.11364020826295018
leaf_count=42 22 14 3 28 31 27 21 20 31 19 20 22
internal_value=3.25147e-09 0.0134882 -0.0280487 -0.027388 -0.0227357 -0.0203175 -0.0240093 -0.0393362 -0.0191513 -0.0250998 -0.0128065 -0.032789
internal_weight=4.85994 3.28178 1.57816 1.33041 0.957564 0.834588 0.673331 0.372846 0.542069 0.279776 0.262294 0.226053
internal_count=300 255 45 241 171 149 122 70 101 50 51 42
is_linear=0
shrinkage=0.05


Tree=38
num_leaves=13
num_cat=0
split_feature=2 1 1 1 2 1 1 2 1 1 1 1
split_gain=0.583336 1.27263 0.15173 0.0311656 0.0165128 0.0189505 0.0273593 0.0104736 0.00803862 0.0139807 0.013068 0.00704391
threshold=1.0000000180025095e-35 0.66600000000000004 0.86850000000000016 0.54300000000000015 4.5000000000000009 0.51850000000000007 0.50350000000000017 12.500000000000002 0.48100000000000004 0.43250000000000005 0.45500000000000007 0.56700000000000006
decision_type=2 2 2 2 2 2 2 2 2 2 2 2
left_child=2 3 -1 4 -2 6 8 -5 9 -6 -11 -9
right_child=1 -3 -4 7 5 -7 -8 11 -10 10 -12 -13
leaf_value=-0.039896933094528166 -0.038466397904918383 0.038688129061684409 -0.0080604269560098345 -0.049140004286071598 -0.0064635457931182918 -0.0031186626924409131 -0.043328969006789737 -0.040688255246432263 -0.0057080636992046683 -0.038140197810220489 -0.016837221225920188 -0.022704683218214089
leaf_weight=0.82977472944185116 0.11940737254917644 1.8622670769691465 0.68172140792012215 0.13985792244784534 0.12267092568799853 0.15977982943877578 0.12534392205998302 0.10782188712619245 0.11584873450919986 0.13288516667671502 0.15709332283586264 0.11000198626425117
leaf_count=42 22 14 3 28 28 27 21 20 25 24 24 22
internal_value=-7.64803e-10 0.0122425 -0.0255379 -0.0259138 -0.0211032 -0.018555 -0.0223272 -0.0384623 -0.0173462 -0.0206136 -0.0265995 -0.0316065
internal_weight=4.66447 3.15298 1.5115 1.29071 0.933029 0.813622 0.653842 0.357682 0.528498 0.412649 0.289978 0.217824
internal_count=300 255 45 241 171 149 122 70 101 76 48 42
is_linear=0
shrinkage=0.05


Tree=39
num_leaves=12
num_cat=0
split_feature=1 1 1 2 1 4 2 1 1 1 1
split_gain=0.486121 0.0442497 0.0243503 0.0217503 0.0182406 0.0155511 0.0114986 0.0104699 0.00739171 0.00952198 0.00301547
threshold=0.66600000000000004 0.55650000000000011 0.43950000000000006 8.5000000000000018 0.41450000000000004 0.78700000000000003 12.500000000000002 0.50900000000000012 0.48750000000000004 0.52250000000000008 0.47850000000000004
decision_type=2 2 2 2 2 2 2 2 2 2 2
left_child=1 2 4 10 -1 8 -3 -7 -5 -10 -4
right_child=-2 6 3 5 -6 7 -8 -9 9 -11 -12
leaf_value=-0.01693564926598479 0.010950128941523732 -0.052003961613158435 -0.028088320900115434 -0.014918811206031411 0.016176148548987881 0.00241523791474997 -0.032561788992185002 -0.01953742516871709 -0.040042333577565092 -0.019470458172350009 -0.037946095237769546
leaf_weight=0.09521213825792052 3.1162639232352376 0.13974493951536704 0.13595248176716268 0.14425015414599329 0.073855392634868622 0.12656443263404071 0.16684978140983731 0.095143625279888511 0.10888755391351879 0.1163585614413023 0.18067536363378167
leaf_count=16 24 30 22 22 30 27 31 20 23 19 36
internal_value=7.87382e-10 -0.0246647 -0.0198935 -0.0231381 -0.0024711 -0.0174743 -0.0414235 -0.00700551 -0.0237559 -0.0294152 -0.0337134
internal_weight=4.49976 1.38349 1.0769 0.907832 0.169068 0.591204 0.306595 0.221708 0.369496 0.225246 0.316628
internal_count=300 276 215 169 46 111 61 47 64 42 58
is_linear=0
shrinkage=0.05


Tree=40
num_leaves=13
num_cat=0
split_feature=2 1 1 1 2 1 1 2 1 1 4 1
split_gain=0.512858 1.03792 0.120509 0.0310763 0.0185292 0.0115162 0.0260562 0.0095736 0.00744702 0.0296583 0.0157661 3.44913e-05
threshold=1.0000000180025095e-35 0.66600000000000004 0.86850000000000016 0.55650000000000011 4.5000000000000009 0.51850000000000007 0.50350000000000017 12.500000000000002 0.45500000000000007 0.44450000000000006 0.78700000000000003 0.5375000000000002
decision_type=2 2 2 2 2 2 2 2 2 2 2 2
left_child=2 3 -1 4 -2 6 8 -5 9 -6 -10 -7
right_child=1 -3 -4 7 5 11 -8 -9 10 -11 -12 -13
leaf_value=-0.03780080520737078 -0.038181018083612635 0.036217504218813694 -0.0085962544890492067 -0.051882244558994012 -0.0088409800905969709 -0.0066346524862780799 -0.04210866998841669 -0.031848223033201693 -0.020021232009825266 -0.045023900129680355 0.0049786884414133323 -0.0078870639133275557
leaf_weight=0.78460051072761394 0.11869730777107201 1.7696257969364522 0.64248105138540268 0.095190163003280759 0.15633610473014414 0.1123105282895267 0.114434510236606 0.15963615628425032 0.15444734424818307 0.088804340455681086 0.10658685106318444 0.10768207791261375
leaf_count=42 24 14 3 22 38 20 21 31 28 14 21 22
internal_value=2.14798e-09 0.011791 -0.0246527 -0.0238113 -0.0196885 -0.0170773 -0.0205616 -0.0393319 -0.0156903 -0.0219486 -0.00981313 -0.00724768
internal_weight=4.41083 2.98375 1.42708 1.21413 0.959299 0.840602 0.620609 0.254826 0.506175 0.24514 0.261034 0.219993
internal_count=300 255 45 241 188 164 122 53 101 52 49 42
is_linear=0
shrinkage=0.05


Tree=41
num_leaves=15
num_cat=0
split_feature=4 1 0 0 1 2 0 1 1 1 1 1 1 1
split_gain=0.499152 1.0045 0.548184 2.16727 0.623817 0.407723 0.497304 0.136644 0.0626265 0.0312389 0.0250664 0.0393369 0.00923292 0.000136169
threshold=0.78700000000000003 0.66600000000000004 0.55000000000000016 0.45000000000000007 0.75500000000000012 1.5000000000000002 0.22500000000000003 0.66600000000000004 0.46800000000000003 0.47650000000000003 0.54300000000000015 0.46150000000000008 0.52050000000000007 0.50900000000000012
decision_type=2 2 2 2 2 2 2 2 2 2 2 2 2 2
left_child=2 10 3 4 5 7 9 8 -1 -7 11 -2 -11 -13
right_child=1 -3 -4 -5 -6 6 -8 -9 -10 12 -12 13 -14 -15
leaf_value=0.01041675532939788 -0.028352729427585974 0.076597682866269889 0.035168150286253058 -0.12974663788166932 0.027632681117391946 -0.004409532340306682 0.076040697533970247 -0.080321424274512887 -0.048635481996574838 -0.040990133468757815 -0.035904518768725906 0.0042911295248822976 -0.025169806773086674 0.0016966790597459727
leaf_weight=0.071570151951165117 0.19279856537468709 0.55256805568933487 0.55250984616577614 0.3817311031743883 1.0339963920414446 0.14923577557783574 0.16223038733005524 0.30938389897346497 0.12047486519441009 0.1510158630553633 0.15414208651054651 0.11279298842418939 0.23689710162580013 0.091682420577853918
leaf_count=19 38 4 7 10 10 28 11 2 35 25 29 22 40 20
internal_value=1.57335e-09 0.0289535 -0.0100864 -0.0196424 -0.000835263 -0.0253485 -0.000678835 -0.0597572 -0.0266283 -0.0238498 -0.0187902 -0.0121498 -0.0313287 0.00312783
internal_weight=4.27303 1.10398 3.16905 2.61654 2.2348 1.20081 0.699379 0.501429 0.192045 0.537149 0.551416 0.397274 0.387913 0.204475
internal_count=300 113 187 180 170 160 104 56 54 93 109 80 65 42
is_linear=0
shrinkage=0.05


Tree=42
num_leaves=14
num_cat=0
split_feature=2 1 1 0 1 1 1 1 4 4 2 1 1
split_gain=0.500286 0.904202 0.101215 0.555238 0.0354544 0.0205537 0.0327029 0.0190645 0.0203132 0.0152264 0.0123836 0.00905425 0.00515392
threshold=1.0000000180025095e-35 0.66600000000000004 0.86850000000000016 0.22500000000000003 0.54300000000000015 0.51850000000000007 0.48550000000000004 0.44250000000000006 0.99250000000000005 0.78700000000000003 12.500000000000002 0.56700000000000006 0.42400000000000004
decision_type=2 2 2 2 2 2 2 2 2 2 2 2 2
left_child=2 4 3 -1 5 6 7 12 -9 -8 -6 -12 -2
right_child=1 -3 -4 -5 10 -7 9 8 -10 -11 11 -13 -14
leaf_value=0.002851316128891087 -0.015578094079749819 0.038823615991652405 -0.0098193703610941485 -0.084929516318363055 -0.048074288247402827 0.00041142563171435312 -0.048193063888558034 0.011406045512289057 -0.015723858353136489 -0.02147163477739639 -0.038302432199672942 -0.016312177078652259 -0.03192081570471323
leaf_weight=0.39063815842382632 0.096523080486804469 1.4599382663145659 0.59631100669503212 0.33431343315169215 0.11437598033808172 0.16960815549828112 0.1101940325461328 0.12737658363766968 0.15053560142405331 0.10327433864586055 0.092659831047058105 0.094597238581627607 0.096446441253647208
leaf_count=32 23 14 3 10 28 30 28 25 25 18 20 22 22
internal_value=8.11357e-10 0.0126684 -0.025078 -0.0376291 -0.0203752 -0.0151702 -0.0190319 -0.0116726 -0.0032893 -0.0352654 -0.0351113 -0.0271935 -0.0237462
internal_weight=3.93679 2.61553 1.32126 0.724952 1.15559 0.853958 0.68435 0.470882 0.277912 0.213468 0.301633 0.187257 0.19297
internal_count=300 255 45 42 241 171 141 95 50 46 70 42 45
is_linear=0
shrinkage=0.05


Tree=43
num_leaves=13
num_cat=0
split_feature=2 1 1 1 2 1 1 4 1 1 2 1
split_gain=0.429698 0.766325 0.0911264 0.0370546 0.018883 0.025198 0.0328805 0.0183707 0.0161519 0.0257763 0.0127965 0.00912779
threshold=1.0000000180025095e-35 0.66600000000000004 0.86850000000000016 0.54300000000000015 4.5000000000000009 0.51850000000000007 0.48550000000000004 0.78700000000000003 0.46150000000000008 0.43250000000000005 12.500000000000002 0.56700000000000006
decision_type=2 2 2 2 2 2 2 2 2 2 2 2
left_child=2 3 -1 4 -2 6 8 -8 9 -6 -5 -12
right_child=1 -3 -4 10 5 -7 7 -9 -10 -11 11 -13
leaf_value=-0.035783271751130989 -0.033723930935464934 0.036654059858050293 -0.0089970085335045 -0.047761077319164028 0.0050641546364109998 0.008007530263501924 -0.047602279482586295 -0.016331859791255343 0.0088336098364982223 -0.025250794111354738 -0.037505592892293514 -0.015071850917864569
leaf_weight=0.69829826452769361 0.10035871039144717 1.4009295329451559 0.58226385340094566 0.10775496647693217 0.11527657299302518 0.14591554761864245 0.097060610307380557 0.091004713671281934 0.11341066274326295 0.17900817096233368 0.088475162861868739 0.09300668234936893
leaf_count=42 22 14 3 28 28 27 24 17 23 30 20 22
internal_value=-2.13693e-09 0.0119367 -0.0236037 -0.0186726 -0.013369 -0.0106147 -0.0151757 -0.0324705 -0.00719776 -0.0133759 -0.0341125 -0.0260086
internal_weight=3.81276 2.5322 1.28056 1.13127 0.842035 0.741676 0.595761 0.188065 0.407695 0.294285 0.289237 0.181482
internal_count=300 255 45 241 171 149 122 41 81 58 70 42
is_linear=0
shrinkage=0.05


Tree=44
num_leaves=13
num_cat=0
split_feature=2 1 1 1 2 1 1 2 1 1 1 1
split_gain=0.371852 0.675131 0.0798033 0.0362385 0.0186148 0.0231882 0.0328725 0.0131717 0.012596 0.016955 0.0165372 0.00921916
threshold=1.0000000180025095e-35 0.66600000000000004 0.86850000000000016 0.54300000000000015 4.5000000000000009 0.51850000000000007 0.50350000000000017 12.500000000000002 0.48100000000000004 0.43250000000000005 0.45500000000000007 0.56700000000000006
decision_type=2 2 2 2 2 2 2 2 2 2 2 2
left_child=2 3 -1 4 -2 6 8 -5 9 -6 -11 -9
right_child=1 -3 -4 7 5 -7 -8 11 -10 10 -12 -13
leaf_value=-0.033758727632352159 -0.032998279565900346 0.0350226578184177 -0.0084016561718598098 -0.047503151547795386 0.0033444595342176468 0.0080773427566168763 -0.040166955539976464 -0.036791303025848349 0.0071711008191294619 -0.033879780100277597 -0.0089743784995554767 -0.013866660134052806
leaf_weight=0.68039958877488993 0.096888053696602805 1.3506472278386352 0.5704159215092659 0.10245593474246562 0.11429017316550016 0.14700116589665413 0.10046333307400346 0.084863731637597084 0.098957926267758012 0.11624711914919317 0.15622882870957255 0.090756927849724889
leaf_count=42 22 14 3 28 28 27 21 20 25 24 24 22
internal_value=-9.56956e-10 0.0112908 -0.022195 -0.0176342 -0.0124009 -0.009679 -0.0141319 -0.033256 -0.00874696 -0.0128197 -0.0195998 -0.0249443
internal_weight=3.70962 2.4588 1.25082 1.10815 0.830077 0.733189 0.586187 0.278077 0.485724 0.386766 0.272476 0.175621
internal_count=300 255 45 241 171 149 122 70 101 76 48 42
is_linear=0
shrinkage=0.05


Tree=45
num_leaves=13
num_cat=0
split_feature=2 1 1 1 2 1 1 2 1 1 1 1
split_gain=0.331526 0.593284 0.0717121 0.0363889 0.0194173 0.0177268 0.0351679 0.0134564 0.012968 0.0168168 0.0176695 0.00927706
threshold=1.0000000180025095e-35 0.66600000000000004 0.86850000000000016 0.54300000000000015 4.5000000000000009 0.51850000000000007 0.50350000000000017 12.500000000000002 0.48100000000000004 0.43250000000000005 0.45500000000000007 0.56700000000000006
decision_type=2 2 2 2 2 2 2 2 2 2 2 2
left_child=2 3 -1 4 -2 6 8 -5 9 -6 -11 -9
right_child=1 -3 -4 7 5 -7 -8 11 -10 10 -12 -13
leaf_value=-0.032238384487040431 -0.032528029941122381 0.0335385971487379 -0.0079591816802753405 -0.04725466701898292 0.0051819039063331247 0.0070853269697029216 -0.039678201710533906 -0.03613561979623503 0.0092048398356511674 -0.032956146627305748 -0.0068921738568656216 -0.012793337165727357
leaf_weight=0.66572362510487459 0.094624050892889722 1.3062748089432714 0.55993874371051788 0.097613725578412414 0.1125030405819416 0.14656996424309909 0.09799718065187335 0.081716392654925585 0.10006827441975474 0.11233038292266428 0.15440988086629659 0.088846050435677171
leaf_count=42 22 14 3 28 28 27 21 20 25 24 24 22
internal_value=2.33744e-09 0.0108312 -0.0211465 -0.0164649 -0.0112277 -0.00844335 -0.0123858 -0.0324496 -0.00680581 -0.0110304 -0.0178683 -0.0239766
internal_weight=3.61862 2.39295 1.22566 1.08668 0.818503 0.723879 0.577309 0.268176 0.479312 0.379243 0.26674 0.170562
internal_count=300 255 45 241 171 149 122 70 101 76 48 42
is_linear=0
shrinkage=0.05


Tree=46
num_leaves=10
num_cat=0
split_feature=0 1 1 2 4 1 4 1 1
split_gain=0.334174 0.532238 0.0505682 0.0477218 0.035356 0.034389 0.0271606 0.0121821 0.00865947
threshold=0.3665000000000001 0.66600000000000004 0.46800000000000003 8.5000000000000018 0.78700000000000003 0.53650000000000009 0.99250000000000005 0.53650000000000009 0.52250000000000008
decision_type=2 2 2 2 2 2 2 2 2
left_child=1 2 6 8 7 -6 -1 -5 -4
right_child=-2 -3 3 4 5 -7 -8 -9 -10
leaf_value=0.012685185181511247 -0.02337484788229412 0.031822495523233532 -0.049659015741400005 -0.015029539872819473 0.025630171353879974 -0.015358718469922811 -0.013823839934338757 -0.034685264944692359 -0.03069127710670266
leaf_weight=0.20244915643706984 1.0676579414866862 1.3169280327856538 0.12532539421226829 0.16874063690192997 0.089886721922084689 0.11880642850883305 0.18485303316265345 0.14794116863049567 0.11574651079718024
leaf_count=45 37 13 24 37 24 19 37 29 35
internal_value=4.60205e-10 0.010101 -0.0146926 -0.0221337 -0.0136824 0.0022957 3.28588e-05 -0.0242119 -0.040552
internal_weight=3.53834 2.47068 1.15375 0.766447 0.525375 0.208693 0.387302 0.316682 0.241072
internal_count=300 263 250 168 109 43 82 66 59
is_linear=0
shrinkage=0.05


Tree=47
num_leaves=12
num_cat=0
split_feature=0 0 1 1 2 4 4 1 1 1 1
split_gain=0.342254 1.44204 0.316059 0.0534635 0.0444242 0.0274335 0.0174331 0.0313814 0.0115422 0.00541846 0.000466701
threshold=0.55000000000000016 0.45000000000000007 0.66600000000000004 0.46800000000000003 4.5000000000000009 0.99250000000000005 0.78700000000000003 0.54300000000000015 0.52050000000000007 0.5465000000000001 0.55550000000000022
decision_type=2 2 2 2 2 2 2 2 2 2 2
left_child=1 2 3 5 10 -1 8 -8 -6 -10 -5
right_child=-2 -3 -4 4 6 -7 7 -9 9 -11 -12
leaf_value=0.013798462446154939 0.038545548550884358 -0.10189589814409378 0.021314187158036915 -0.045423940577110855 -0.034859362797571312 -0.012801477967770303 0.0058196629712206939 -0.028081837561550384 -0.0075552041891428466 -0.024376002977981315 -0.051488326634695825
leaf_weight=0.20757869444787613 0.4941308544948696 0.34896389907225955 1.5015950389206407 0.064084824291057885 0.13785613095387816 0.18184312270022929 0.1802601779345423 0.10986518650315702 0.096665539545938373 0.094857573858462274 0.062828638590872288
leaf_count=47 9 18 16 22 32 37 35 22 16 25 21
internal_value=-1.18279e-09 -0.00637776 0.00626042 -0.0136409 -0.0214762 0.00137744 -0.0159552 -0.00701822 -0.0238271 -0.0158862 -0.0484261
internal_weight=3.48053 2.9864 2.63743 1.13584 0.746418 0.389422 0.619505 0.290125 0.329379 0.191523 0.126913
internal_count=300 291 273 257 173 84 130 57 73 41 43
is_linear=0
shrinkage=0.05


Tree=48
num_leaves=13
num_cat=0
split_feature=2 1 1 1 2 1 1 1 4 1 4 1
split_gain=0.383192 0.449963 0.0657843 0.0373143 0.0216413 0.00890502 0.028822 0.0347992 0.02461 0.0282575 0.00259245 0.000665903
threshold=1.0000000180025095e-35 0.66600000000000004 0.86850000000000016 0.55650000000000011 4.5000000000000009 0.43250000000000005 0.45500000000000007 0.47650000000000003 0.78700000000000003 0.52050000000000007 0.99250000000000005 0.51250000000000007
decision_type=2 2 2 2 2 2 2 2 2 2 2 2
left_child=2 3 -1 4 -2 -6 -7 -8 9 -9 -5 -10
right_child=1 -3 -4 10 5 6 7 8 11 -11 -12 -13
leaf_value=-0.033746591155950148 -0.030529322736776984 0.033155776829540934 -0.01001628517053519 -0.038018577227502626 0.00811160457720949 -0.030825270184840534 0.025560602216061452 -0.036095683169720949 0.0072406725805212267 -0.0012998887321330685 -0.026103053522448835 0.0015657045509962471
leaf_weight=0.64679268375039123 0.091430817265063746 1.1911175916902719 0.53248332440853119 0.097546309931203723 0.11388709209859371 0.10638544522225857 0.092490426497533917 0.12083562172483653 0.10284522222355008 0.11282762000337243 0.085799142718315125 0.10392874223180115
leaf_count=42 24 14 3 29 28 24 17 30 17 24 24 24
internal_value=1.20111e-09 0.0122395 -0.0230315 -0.0119963 -0.00755795 -0.00476946 -0.00706409 -0.00232078 -0.00817578 -0.019294 -0.0324425 0.00438832
internal_weight=3.39837 2.21909 1.17928 1.02798 0.844631 0.7532 0.639313 0.532928 0.440437 0.233663 0.183345 0.206774
internal_count=300 255 45 241 188 164 136 112 95 54 53 41
is_linear=0
shrinkage=0.05


Tree=49
num_leaves=11
num_cat=0
split_feature=2 1 1 1 2 4 1 1 1 1
split_gain=0.344063 0.398537 0.0601398 0.037233 0.0153328 0.0122442 0.050722 0.0468155 0.0200285 0.0112386
threshold=1.0000000180025095e-35 0.66600000000000004 0.86850000000000016 0.54300000000000015 12.500000000000002 0.78700000000000003 0.46150000000000008 0.47650000000000003 0.52050000000000007 0.56700000000000006
decision_type=2 2 2 2 2 2 2 2 2 2
left_child=2 3 -1 5 -5 7 -7 -2 -9 -6
right_child=1 -3 -4 4 9 6 -8 8 -10 -11
leaf_value=-0.032298416630066787 0.008179679156078758 0.031830963729051552 -0.0094586796574767183 -0.046231285687095086 -0.033513619358678408 -0.019721023998483619 0.017430509814392793 -0.038264072947745115 -0.0093466255591052785 -0.0059545564012289803
leaf_weight=0.63602866057772212 0.17208316782489441 1.1560553777962921 0.5270506851375103 0.081403082236647606 0.071328282589092851 0.16722569148987532 0.20388282369822264 0.13962450611870736 0.10483826836571097 0.076850622426718473
leaf_count=42 38 14 3 28 20 38 42 37 16 22
internal_value=1.06946e-09 0.0117462 -0.0219486 -0.0110795 -0.0287978 -0.00591501 0.000689609 -0.0117992 -0.0258628 -0.0192206
internal_weight=3.33637 2.17329 1.16308 1.01724 0.229582 0.787654 0.371109 0.416546 0.244463 0.148179
internal_count=300 255 45 241 70 171 80 91 53 42
is_linear=0
shrinkage=0.05


Tree=50
num_leaves=15
num_cat=0
split_feature=2 1 0 0 1 1 1 1 1 1 1 1 1 1
split_gain=0.337585 0.751207 0.691884 1.42247 0.850457 0.138946 0.0599199 0.0325414 0.0184886 0.0394709 0.00801619 0.012137 0.0155175 0.00502351
threshold=1.5000000000000002 0.66600000000000004 0.55000000000000016 0.3665000000000001 0.75500000000000012 0.59250000000000014 0.46800000000000003 0.54300000000000015 0.51850000000000007 0.50350000000000017 0.48100000000000004 0.43250000000000005 0.45500000000000007 0.56700000000000006
decision_type=2 2 2 2 2 2 2 2 2 2 2 2 2 2
left_child=2 7 3 4 5 6 -1 8 9 10 11 -2 -13 -9
right_child=1 -3 -4 -5 -6 -7 -8 13 -10 -11 -12 12 -14 -15
leaf_value=0.017936671407974121 0.0082280081172253199 0.069343170179851796 0.038844330546515822 -0.10182516751689603 0.045274576140104432 -0.073633862515777471 -0.045795938593352133 -0.033802771477579173 0.012896206167761061 -0.038059631983173109 0.011316137337506346 -0.02566298066682296 -0.00081455963835531497 -0.0180084110846967
leaf_weight=0.077148319920525177 0.12428766791708745 0.47943988256156445 0.46823418792337168 0.47466461081057787 0.54006791114807129 0.25106973224319518 0.070655867108143866 0.096681524766609073 0.14798870543017983 0.086444198968820274 0.098886783700436354 0.10465849470347166 0.15720451576635242 0.10503864218480885
leaf_count=18 31 5 6 12 7 5 31 27 27 21 26 26 24 34
internal_value=-1.13845e-09 0.0185862 -0.0138335 -0.0312822 0.00437955 -0.0509916 -0.0125299 -0.00783059 -0.00285458 -0.00693334 -0.00138597 -0.00463876 -0.0107457 -0.0255784
internal_weight=3.28247 1.40063 1.88184 1.41361 0.938942 0.398874 0.147804 0.921191 0.71947 0.571482 0.485037 0.386151 0.261863 0.20172
internal_count=300 221 79 73 61 54 49 216 155 128 107 81 50 61
is_linear=0
shrinkage=0.05


Tree=51
num_leaves=13
num_cat=0
split_feature=2 1 1 0 1 1 2 4 1 1 4 1
split_gain=0.395761 0.333933 0.0537638 0.631002 0.0380054 0.0155762 0.0347925 0.0426866 0.0297662 0.016248 0.00309092 0.00116659
threshold=1.0000000180025095e-35 0.66600000000000004 0.86850000000000016 0.22500000000000003 0.55650000000000011 0.46800000000000003 8.5000000000000018 0.78700000000000003 0.44250000000000006 0.52050000000000007 0.99250000000000005 0.41450000000000004
decision_type=2 2 2 2 2 2 2 2 2 2 2 2
left_child=2 4 3 -1 5 8 -7 9 11 -8 -6 -2
right_child=1 -3 -4 -5 10 6 7 -9 -10 -11 -12 -13
leaf_value=0.015122337914413293 -0.0045941934150704128 0.033504741494311895 -0.011976773939832992 -0.087336576388029011 -0.035823219507447018 -0.031177521177882347 -0.02865754025207258 0.020369625941412867 0.020619818201635269 -0.0013533770118121569 -0.022027488309339892 -0.012623572306668749
leaf_weight=0.31297525798436276 0.086606960976496672 1.0102931251749394 0.50736699253320694 0.28905347152613103 0.0866563580930233 0.12737670261412859 0.10684791300445795 0.14366557728499174 0.1637670046184212 0.11118142819032073 0.076394238858483732 0.094703373033553362
leaf_count=32 16 14 3 10 29 27 30 33 32 21 24 29
internal_value=5.18696e-10 0.0132447 -0.0239668 -0.0340715 -0.00728136 -0.00296576 -0.00870495 -0.000790873 0.0051683 -0.0147341 -0.0293595 -0.00878816
internal_weight=3.11689 2.00749 1.1094 0.602029 0.9972 0.834149 0.489072 0.361695 0.345077 0.218029 0.163051 0.18131
internal_count=300 255 45 42 241 188 111 84 77 51 53 45
is_linear=0
shrinkage=0.05


Tree=52
num_leaves=12
num_cat=0
split_feature=0 1 2 0 1 1 1 1 1 4 4
split_gain=0.389815 0.286453 0.369731 0.466686 0.137381 0.0604739 0.0341439 0.0151409 0.0366265 0.0173745 0.0104039
threshold=0.3665000000000001 0.75500000000000012 1.5000000000000002 0.22500000000000003 0.58450000000000013 0.46800000000000003 0.46800000000000003 0.50200000000000011 0.53650000000000009 0.99250000000000005 0.99250000000000005
decision_type=2 2 2 2 2 2 2 2 2 2 2
left_child=1 2 4 6 5 -1 10 -8 -9 -10 -4
right_child=-2 -3 3 -5 -6 -7 7 8 9 -11 -12
leaf_value=0.024288603394049119 -0.025995989922933629 0.044879976117041781 0.018212080585942425 0.063663191765957861 -0.068341897437320151 -0.043885137931210912 -0.026177107652343726 0.012184563951503091 -0.030102209802042163 -0.0056255506364390993 -0.00011996154623382552
leaf_weight=0.078645061701536956 0.9824871839955448 0.50734103564172972 0.15148865943774559 0.34791305987164378 0.21590520720928907 0.055474738939665258 0.13776204013265669 0.15755975886713713 0.14382043457590044 0.1462057534372434 0.15823836880736053
leaf_count=18 37 9 27 23 7 29 26 34 31 29 30
internal_value=-4.26715e-10 0.0121602 0.00173964 0.0145222 -0.0436532 -0.00390947 -0.00457869 -0.0116823 -0.00722097 -0.0177632 0.00884631
internal_weight=3.08284 2.10035 1.59301 1.24299 0.350025 0.13412 0.895075 0.585348 0.447586 0.290026 0.309727
internal_count=300 263 254 200 54 47 177 120 94 60 57
is_linear=0
shrinkage=0.05


Tree=53
num_leaves=13
num_cat=0
split_feature=2 1 1 1 1 2 1 1 4 1 1 1
split_gain=0.383241 0.280412 0.0658273 0.609351 0.0376401 0.0171593 0.0135371 0.0125555 0.0402654 0.0293157 0.0207524 0.0228809
threshold=1.0000000180025095e-35 0.66600000000000004 0.86850000000000016 0.78900000000000015 0.54300000000000015 12.500000000000002 0.56700000000000006 0.48550000000000004 0.78700000000000003 0.52050000000000007 0.45750000000000007 0.43250000000000005
decision_type=2 2 2 2 2 2 2 2 2 2 2 2
left_child=2 4 3 -1 7 -6 -7 10 9 -9 11 -2
right_child=1 -3 -4 -5 5 6 -8 8 -10 -11 -12 -13
leaf_value=0.013686232530529686 0.013671587061722876 0.03342180104456724 -0.010701127972049196 -0.089520488177987731 -0.044915242658249012 -0.030519941051477453 0.0015810291486580985 -0.046208271290901937 0.011530618624279339 -0.0059651013004838093 0.020150648349154823 -0.014038572485420295
leaf_weight=0.30081998277455591 0.12957265786826588 0.91636497480794787 0.51087743788957596 0.2726382240653038 0.067157121025957167 0.063255530083552003 0.068305846769362688 0.078641373198479414 0.15429449267685413 0.10659169242717326 0.15624736854806542 0.1752597636077553
leaf_count=37 34 14 3 5 28 20 22 29 31 16 28 33
internal_value=2.18277e-12 0.0134451 -0.0237533 -0.0353812 -0.00487327 -0.0243507 -0.0138533 -3.87811e-05 -0.00733549 -0.0230505 0.00533433 -0.00226004
internal_weight=3.00003 1.91569 1.08434 0.573458 0.999326 0.198718 0.131561 0.800607 0.339528 0.185233 0.46108 0.304832
internal_count=300 255 45 42 241 70 42 171 76 45 95 67
is_linear=0
shrinkage=0.05


Tree=54
num_leaves=12
num_cat=0
split_feature=0 1 2 1 1 1 1 1 1 1 1
split_gain=0.401888 0.243448 0.282126 0.368582 0.144568 0.0342559 0.0126725 0.0454209 0.0284356 0.0263328 0.00643674
threshold=0.3665000000000001 0.75500000000000012 1.5000000000000002 0.66600000000000004 0.52050000000000007 0.54300000000000015 0.51850000000000007 0.48550000000000004 0.45750000000000007 0.44450000000000006 0.56700000000000006
decision_type=2 2 2 2 2 2 2 2 2 2 2
left_child=1 2 4 5 -1 6 7 8 9 -4 -7
right_child=-2 -3 3 -5 -6 10 -8 -9 -10 -11 -12
leaf_value=0.005955214574077581 -0.026068800615328444 0.044563599424171069 0.011529892157659802 0.064046790536786274 -0.063839580697066772 -0.030711136034685185 0.016067833367308111 -0.022511586260755952 0.02593100494514386 -0.020226607136950278 -0.011616316309266017
leaf_weight=0.11665247066412154 0.98889804119244207 0.46568372915498901 0.16664781002327778 0.2849627286195755 0.20384018681943417 0.08479931578040123 0.1621139922644943 0.15935098833870143 0.15422742301598191 0.10731605207547545 0.092033115215599537
leaf_count=33 37 9 37 2 21 24 25 39 26 17 30
internal_value=-1.45835e-09 0.012905 0.00328135 0.0143177 -0.0384358 -0.000977592 0.00369188 0.000277121 0.00875792 -0.000909639 -0.0207732
internal_weight=2.98653 1.99763 1.53194 1.21145 0.320493 0.926489 0.749656 0.587542 0.428191 0.273964 0.176832
internal_count=300 263 254 200 54 198 144 119 80 54 54
is_linear=0
shrinkage=0.05


Tree=55
num_leaves=11
num_cat=0
split_feature=2 1 1 1 2 1 2 1 4 1
split_gain=0.382969 0.505599 0.976562 0.232717 0.0383855 0.0281117 0.0334742 0.0693491 0.0206664 0.00990727
threshold=1.0000000180025095e-35 0.88950000000000007 0.78900000000000015 0.66600000000000004 4.5000000000000009 0.53650000000000009 11.000000000000002 0.50200000000000011 0.99250000000000005 0.45500000000000007
decision_type=2 2 2 2 2 2 2 2 2 2
left_child=1 2 -1 4 -2 6 -6 9 -7 -8
right_child=3 -3 -4 -5 5 8 7 -9 -10 -11
leaf_value=0.015243339511962184 -0.030547212159642696 0.015283802885610591 -0.11182069437693742 0.033346244024996224 -0.012566007306512878 -0.02720103244639176 -0.0068595645478823119 0.046373613603881286 0.00056430146558702501 0.010101958068725303
leaf_weight=0.27863577101379655 0.10765406372956909 0.47055293619632721 0.33066729828715324 0.83623050898313511 0.16476665541995317 0.12650344555731863 0.15944977663457394 0.12019949220120907 0.14252730237785727 0.1871300449129194
leaf_count=37 37 2 6 14 31 35 38 31 31 38
internal_value=-5.12546e-11 -0.0236478 -0.053714 0.0138448 -0.0023297 0.00104339 0.00680908 0.0136482 -0.0124915 0.00229853
internal_weight=2.92432 1.07986 0.609303 1.84446 1.00823 0.900577 0.631546 0.466779 0.269031 0.34658
internal_count=300 45 43 255 241 204 138 107 66 76
is_linear=0
shrinkage=0.05


Tree=56
num_leaves=12
num_cat=0
split_feature=0 1 2 1 1 1 1 1 1 1 1
split_gain=0.46616 0.20599 0.223072 0.281581 0.156378 0.0388592 0.0108318 0.0313298 0.0211596 0.0282417 0.00711173
threshold=0.3665000000000001 0.75500000000000012 1.5000000000000002 0.66600000000000004 0.49150000000000005 0.54300000000000015 0.51850000000000007 0.48550000000000004 0.45750000000000007 0.43250000000000005 0.56700000000000006
decision_type=2 2 2 2 2 2 2 2 2 2 2
left_child=1 2 4 5 -1 6 7 8 9 -4 -7
right_child=-2 -3 3 -5 -6 10 -8 -9 -10 -11 -12
leaf_value=0.014064886949133349 -0.027591447795171854 0.04486832273295626 0.018793481931084797 0.062406540059080522 -0.060774947550211324 -0.029753835015124609 0.018596742644413466 -0.014351013409471312 0.025513758124604533 -0.013030757769319602 -0.0091555306557471964
leaf_weight=0.1109999640611935 1.0057305227965114 0.43082778970710922 0.13946470967493929 0.25061521679162979 0.18804740475025028 0.080378725426271558 0.17160675837658346 0.16331919888034463 0.1641163716558367 0.13938819337636232 0.087541671469807625
leaf_count=28 37 9 28 2 26 24 25 39 26 26 30
internal_value=8.49678e-10 0.0144056 0.00562967 0.0152841 -0.032996 0.00279799 0.00750673 0.00436776 0.0112692 0.00288573 -0.0190154
internal_weight=2.93204 1.92631 1.49548 1.19643 0.299047 0.945816 0.777895 0.606288 0.442969 0.278853 0.16792
internal_count=300 263 254 200 54 198 144 119 80 54 54
is_linear=0
shrinkage=0.05


Tree=57
num_leaves=11
num_cat=0
split_feature=0 1 2 5 1 1 2 1 4 1
split_gain=0.446185 0.175107 0.174375 0.24166 0.141587 0.0321224 0.0625421 0.052141 0.0261242 0.00783714
threshold=0.3665000000000001 0.75500000000000012 1.5000000000000002 0.65000000000000013 0.49150000000000005 0.53650000000000009 11.000000000000002 0.50200000000000011 0.99250000000000005 0.45750000000000007
decision_type=2 2 2 2 2 2 2 2 2 2
left_child=1 2 4 5 -1 6 -4 9 -7 -8
right_child=-2 -3 3 -5 -6 8 7 -9 -10 -11
leaf_value=0.014408963156305445 -0.026539452067027347 0.043467622187668586 -0.016351886373256463 0.059464600813369774 -0.058098506970653808 -0.027525347160864119 0.0024118051511674739 0.046008896415891683 0.0034128147661394814 0.017135100336950499
leaf_weight=0.11239174823276732 1.0240401560440657 0.40817137225531031 0.17529339028988011 0.24142817105166614 0.16792167630046606 0.12781060021370649 0.20654365373775363 0.1271117371506989 0.14637876022607088 0.16070937900803983
leaf_count=28 37 9 33 6 26 34 36 30 28 33
internal_value=-2.05714e-09 0.0145042 0.00643783 0.014825 -0.0290266 0.00340663 0.00930894 0.0184078 -0.0110087 0.0088547
internal_weight=2.8978 1.87376 1.46559 1.18528 0.280313 0.943848 0.669658 0.494365 0.274189 0.367253
internal_count=300 263 254 200 54 194 132 99 62 69
is_linear=0
shrinkage=0.05


Tree=58
num_leaves=13
num_cat=0
split_feature=2 1 1 1 2 2 1 1 1 1 1 4
split_gain=0.457491 0.571155 0.176226 0.0420231 0.0177251 0.0150759 0.0458182 0.0330966 0.0580633 0.0155307 0.0143833 0.000911612
threshold=1.0000000180025095e-35 0.88950000000000007 0.66600000000000004 0.54300000000000015 12.500000000000002 8.5000000000000018 0.47650000000000003 0.52500000000000013 0.42750000000000005 0.50200000000000011 0.45150000000000007 0.99250000000000005
decision_type=2 2 2 2 2 2 2 2 2 2 2 2
left_child=1 -1 3 5 -5 6 -2 8 -7 10 -10 -6
right_child=2 -3 -4 4 11 7 -8 -9 9 -11 -12 -13
leaf_value=-0.056892222718081011 0.019553518022765677 0.015813328957481422 0.034482686511647806 -0.043498300777851377 -0.013517793754339575 -0.021338845617556654 -0.027022619777120623 -0.011372774446027738 0.034192425089718141 0.039004151600444993 0.011068021219722328 -0.0047203475315103546
leaf_weight=0.62271251261699967 0.10155572136864044 0.4770621582865715 0.73227963503450144 0.054883538861759007 0.058570754481479526 0.085723496042191982 0.10998881817795336 0.13555913767777383 0.095533914398401976 0.11969513318035752 0.22708755847997963 0.059219670481979847
leaf_count=43 23 2 14 28 25 17 21 16 26 29 39 17
internal_value=1.42746e-10 -0.0253539 0.0156641 0.00251245 -0.0200298 0.00696024 -0.00466292 0.0106655 0.0163232 0.0236223 0.0179156 -0.00909484
internal_weight=2.87987 1.09977 1.7801 1.04782 0.172674 0.875144 0.211545 0.663599 0.52804 0.442317 0.322621 0.11779
internal_count=300 45 255 241 70 171 44 127 111 94 65 42
is_linear=0
shrinkage=0.05


Tree=59
num_leaves=11
num_cat=0
split_feature=0 1 2 0 1 1 2 1 4 1
split_gain=0.493485 0.15404 0.171295 0.204181 0.156996 0.040337 0.0332136 0.0434607 0.0255082 0.00701848
threshold=0.3665000000000001 0.75500000000000012 1.5000000000000002 0.22500000000000003 0.48100000000000004 0.53650000000000009 11.000000000000002 0.50200000000000011 0.99250000000000005 0.44950000000000007
decision_type=2 2 2 2 2 2 2 2 2 2
left_child=1 2 4 5 -1 6 -4 9 -7 -8
right_child=-2 -3 3 -5 -6 8 7 -9 -10 -11
leaf_value=0.023315989318082844 -0.027604599761428081 0.043492449939765081 -0.0068447166021798865 0.058007685002853061 -0.056037120914276019 -0.02708318756652044 0.01879442364697213 0.042438379034866469 0.003685107034432541 0.0046971669044126169
leaf_weight=0.096800758503377771 1.0380301354452965 0.38742277503479261 0.16901068994775392 0.23463491071015596 0.17503816809039563 0.12379264947958291 0.13963339244946837 0.14039704541210085 0.14777111227158457 0.24011705722659826
leaf_count=22 37 9 29 23 32 31 26 26 29 36
internal_value=7.85631e-10 0.0154503 0.00804558 0.0161927 -0.0277798 0.00598034 0.0124117 0.0186686 -0.0103407 0.0098807
internal_weight=2.89265 1.85462 1.4672 1.19536 0.271839 0.960722 0.689158 0.520147 0.271564 0.37975
internal_count=300 263 254 200 54 177 117 88 60 62
is_linear=0
shrinkage=0.05


Tree=60
num_leaves=14
num_cat=0
split_feature=2 1 1 1 2 1 1 1 1 2 1 1 1
split_gain=0.545673 0.13722 0.133094 0.051024 0.0229407 0.0412288 0.040878 0.0487658 0.0219851 0.0166902 0.0150515 0.0144861 0.00113987
threshold=1.0000000180025095e-35 0.86850000000000016 0.66600000000000004 0.54300000000000015 8.5000000000000018 0.47650000000000003 0.52500000000000013 0.45750000000000007 0.43250000000000005 12.500000000000002 0.56700000000000006 0.48750000000000004 0.50550000000000017
decision_type=2 2 2 2 2 2 2 2 2 2 2 2 2
left_child=1 -1 3 4 5 -2 7 8 -6 -5 -11 -9 -13
right_child=2 -3 -4 9 6 -7 -8 11 -10 10 -12 12 -14
leaf_value=-0.043440229838568378 0.018635240219874748 -0.0085780799998283475 0.034683975885005575 -0.042986080905414448 0.019471339897838578 -0.025335813374985978 -0.0093285170738282401 0.045056826903340598 -0.010011139768756304 -0.027496404593986386 0.008842071985620514 0.028014199354327914 0.019888552545096361
leaf_weight=0.60213511716574453 0.10672871349379398 0.53132914379239082 0.68013721425086249 0.050705039291642606 0.12588542606681585 0.10651043825782835 0.13585738535039127 0.15397885860875249 0.1270500011742115 0.054554575122892857 0.059658430051058531 0.08655689109582454 0.086083434522151947
leaf_count=42 23 3 14 28 23 21 16 22 24 20 22 18 24
internal_value=2.22746e-09 -0.0270981 0.0173167 0.00651519 0.0110666 -0.00332778 0.015357 0.0211437 0.00466223 -0.0191135 -0.00851523 0.0339071 0.0239625
internal_weight=2.90717 1.13346 1.77371 1.09357 0.928651 0.213239 0.715412 0.579555 0.252935 0.164918 0.114213 0.326619 0.17264
internal_count=300 45 255 241 171 44 127 111 47 70 42 64 42
is_linear=0
shrinkage=0.05


Tree=61
num_leaves=11
num_cat=0
split_feature=0 1 2 1 0 1 1 1 4 4
split_gain=0.627869 0.123019 0.164845 0.145436 0.145385 0.0643882 0.0335836 0.0451371 0.039113 0.0169984
threshold=0.3665000000000001 0.75500000000000012 1.5000000000000002 0.46800000000000003 0.22500000000000003 0.52500000000000013 0.50200000000000011 0.46800000000000003 0.99250000000000005 0.99250000000000005
decision_type=2 2 2 2 2 2 2 2 2 2
left_child=1 2 3 -1 5 6 7 8 -4 -7
right_child=-2 -3 4 -5 -6 9 -8 -9 -10 -11
leaf_value=0.024080292639611752 -0.029919172741912355 0.04348256697910477 0.036134347558378237 -0.054202595702169593 0.056171187510591317 -0.019738534198717569 0.037281090988366627 -0.0095139616758349189 0.0038966536801954771 0.0038958889716463234
leaf_weight=0.09393334994092617 1.1036508290562776 0.36916305066552002 0.21569277439266421 0.16105838434305042 0.21489721070975054 0.15762074687518179 0.18740884738508612 0.16058192728087306 0.16688537015579641 0.14705739438068122
leaf_count=18 37 9 27 36 23 36 29 26 30 29
internal_value=-2.08424e-09 0.0176174 0.0112735 -0.0253649 0.0187466 0.010978 0.0190307 0.0127337 0.0220719 -0.00833103
internal_weight=2.97795 1.8743 1.50514 0.254992 1.25014 1.03525 0.730569 0.54316 0.382578 0.304678
internal_count=300 263 254 54 200 177 112 83 57 65
is_linear=0
shrinkage=0.05


Tree=62
num_leaves=11
num_cat=0
split_feature=2 1 4 1 1 1 2 1 2 1
split_gain=0.798871 0.210253 0.103936 0.211688 0.117933 0.109946 0.0665554 0.0457021 0.0385447 0.0139801
threshold=1.0000000180025095e-35 0.85550000000000004 0.78700000000000003 0.46150000000000008 0.75500000000000012 0.47650000000000003 1.5000000000000002 0.52050000000000007 9.5000000000000018 0.5525000000000001
decision_type=2 2 2 2 2 2 2 2 2 2
left_child=1 -1 4 -4 5 -2 -7 -8 -5 -9
right_child=2 -3 3 8 -6 6 7 9 -10 -11
leaf_value=-0.050293328488623515 0.023662604596250553 -0.0092523349287261247 -0.018860488421668521 0.02665003188704081 0.034597983686718514 -0.054302098551868218 -0.034149456124890822 -0.0059223975600277796 0.05248783653246139 0.019171426691801205
leaf_weight=0.66090955445542954 0.2586331423372028 0.59123118966817856 0.15836791484616686 0.20217712398152798 0.32403123890981078 0.096064791781827807 0.10517152317333966 0.11843206989578903 0.50458560651168227 0.10445658105891198
leaf_count=40 38 5 38 27 8 18 30 20 48 28
internal_value=-5.84115e-10 -0.0309147 0.0206791 0.0333889 0.00975762 -0.0020314 -0.0176997 -0.00698156 0.0450967 0.0058378
internal_weight=3.12406 1.25214 1.87192 0.865131 1.00679 0.682758 0.424125 0.32806 0.706763 0.222889
internal_count=300 45 255 113 142 134 96 78 75 48
is_linear=0
shrinkage=0.05


Tree=63
num_leaves=14
num_cat=0
split_feature=2 1 1 4 1 1 1 2 1 1 1 1 1
split_gain=0.65465 0.214041 0.108035 0.140853 0.122001 0.10001 0.163654 0.0887867 0.0606445 0.0387198 0.0349727 0.0167293 0.00406687
threshold=1.0000000180025095e-35 0.86850000000000016 0.45750000000000007 0.78700000000000003 0.75500000000000012 0.50350000000000017 0.59650000000000014 1.5000000000000002 0.48550000000000004 0.5525000000000001 0.43250000000000005 0.53650000000000009 0.52500000000000013
decision_type=2 2 2 2 2 2 2 2 2 2 2 2 2
left_child=1 -1 10 4 7 -5 11 -4 -9 12 -2 -7 -10
right_child=2 -3 3 5 -6 6 -8 8 9 -11 -12 -13 -14
leaf_value=-0.046166378760705326 0.011186533129020199 -0.0044242124732601128 -0.051863282902184386 0.061632303441873426 0.033658412792953694 0.01191685806054809 0.058098376326627135 0.038245129663024229 -0.013766745391848537 0.016297941397233017 -0.021528226032703508 -0.015049410910523956 -0.028997886797944707
leaf_weight=0.70499366649892203 0.14657037425786246 0.54414177313446999 0.088020375114865379 0.31140983803197742 0.31479982961900532 0.099668244831264019 0.19708020437974483 0.095890354830771685 0.080394039396196604 0.10471399920061231 0.18455741391517222 0.13598661147989333 0.096352425753138959
leaf_count=42 34 3 18 21 8 17 8 13 28 28 33 31 16
internal_value=-1.84068e-09 -0.0279829 0.0188388 0.0244621 0.00961817 0.0400247 0.0244751 -0.00664383 0.00390401 -0.00779562 -0.00704737 -0.00364425 -0.0220699
internal_weight=3.10458 1.24914 1.85544 1.52432 0.780171 0.744145 0.432735 0.465371 0.377351 0.28146 0.331128 0.235655 0.176746
internal_count=300 45 255 188 111 77 56 103 85 72 67 48 44
is_linear=0
shrinkage=0.05


Tree=64
num_leaves=12
num_cat=0
split_feature=0 0 1 2 0 1 1 2 1 1 4
split_gain=0.493046 1.39023 0.174324 0.105759 0.172734 0.0708391 0.0614594 0.0436148 0.0533135 0.014385 0.00720568
threshold=0.55000000000000016 0.3665000000000001 0.75500000000000012 1.5000000000000002 0.22500000000000003 0.52500000000000013 0.46800000000000003 11.000000000000002 0.45750000000000007 0.50200000000000011 0.99250000000000005
decision_type=2 2 2 2 2 2 2 2 2 2 2
left_child=1 2 3 6 5 7 -1 -5 -9 -10 -7
right_child=-2 -3 -4 4 -6 10 -8 8 9 -11 -12
leaf_value=0.0065206470796108675 0.04798893405804034 -0.073849927512504965 0.044434563143572609 -0.01308145155396904 0.054497658398076923 -0.025262968135978559 -0.048948255523813031 -0.0020115620973650112 0.019922307120787797 0.039828369527554038 -0.0096715383617318237
leaf_weight=0.08186792070046145 0.4507631636224686 0.61499976436607529 0.35908135469071556 0.14653727959375806 0.19308928912505496 0.15187522734049708 0.12803911918308586 0.2201517834328115 0.19594153319485486 0.16906427755020559 0.1447146168211475
leaf_count=18 9 28 9 27 23 36 36 33 29 23 29
internal_value=-2.14371e-09 -0.00899309 0.0132856 0.00547091 0.0111054 0.00295731 -0.0273143 0.0113126 0.0174215 0.0291424 -0.0176555
internal_weight=2.85613 2.40536 1.79036 1.43128 1.22137 1.02828 0.209907 0.731695 0.585158 0.365006 0.29659
internal_count=300 291 263 254 200 177 54 112 85 52 65
is_linear=0
shrinkage=0.05


Tree=65
num_leaves=13
num_cat=0
split_feature=0 0 1 2 0 1 1 1 1 1 1 1
split_gain=0.453483 1.19724 0.15994 0.0944584 0.145834 0.084688 0.0481665 0.0354914 0.0471135 0.0148112 0.0219905 0.010644
threshold=0.55000000000000016 0.3665000000000001 0.75500000000000012 1.5000000000000002 0.22500000000000003 0.43250000000000005 0.46800000000000003 0.52500000000000013 0.45750000000000007 0.5375000000000002 0.55650000000000011 0.50200000000000011
decision_type=2 2 2 2 2 2 2 2 2 2 2 2
left_child=1 2 3 6 5 -5 -1 8 -7 -9 -11 -10
right_child=-2 -3 -4 4 -6 7 -8 9 11 10 -12 -13
leaf_value=0.0034031327836508518 0.047161201838431886 -0.068407088044373801 0.043164909324352449 0.03311565876299611 0.05215171316456501 -0.021952311028355338 -0.047183912210166615 -0.035166782280890402 0.0048588256356190051 0.0089071923338519283 -0.025523580762226473 0.021191499456669958
leaf_weight=0.078234447631985726 0.43063466949388374 0.61764209065586317 0.3448767183581366 0.19011204643174984 0.1779467831365763 0.13564864220097661 0.11806955368956551 0.08967710193246603 0.22492587473243475 0.082350797485560179 0.10615420213434845 0.17925118759740144
leaf_count=18 9 28 9 26 23 23 36 9 34 19 37 29
internal_value=-8.06365e-10 -0.00866107 0.0127034 0.00510375 0.010421 0.00305498 -0.0270231 -0.00393138 0.00354499 -0.0184396 -0.0104821 0.0121023
internal_weight=2.77552 2.34489 1.72725 1.38237 1.18607 1.00812 0.196304 0.818008 0.539826 0.278182 0.188505 0.404177
internal_count=300 291 263 254 200 177 54 151 86 65 56 63
is_linear=0
shrinkage=0.05


Tree=66
num_leaves=13
num_cat=0
split_feature=0 2 0 5 2 1 1 1 1 4 4 1
split_gain=0.421034 1.03279 1.88889 0.230679 0.0369217 0.0378454 0.0419837 0.0268594 0.0212608 0.0111026 0.00905174 0.00733978
threshold=0.55000000000000016 1.0000000180025095e-35 0.3665000000000001 0.65000000000000013 8.5000000000000018 0.52500000000000013 0.45750000000000007 0.47650000000000003 0.51850000000000007 0.78700000000000003 0.99250000000000005 0.43250000000000005
decision_type=2 2 2 2 2 2 2 2 2 2 2 2
left_child=1 2 -1 4 7 6 11 -3 -9 -8 -7 -6
right_child=-2 3 -4 -5 5 10 9 8 -10 -11 -12 -13
leaf_value=0.026424238741706588 0.046306100944728888 0.00061970405665972509 -0.15004757301831989 0.038053035441615896 0.0025437088392260905 -0.022815801008245099 0.01146785489309411 -0.05388398618974713 -0.012797093805557033 0.029470775029653354 -0.0029123704898479097 -0.015280709309694235
leaf_weight=0.29528668988496143 0.41323369182646263 0.092194733209907787 0.31169234216213226 0.56681073736399401 0.11528499191626906 0.12693187140394002 0.15903712762519717 0.067990263574756682 0.058642654097639024 0.18556642439216375 0.10386781068518758 0.11573719512671232
leaf_count=35 9 22 5 29 20 33 36 14 28 26 22 21
internal_value=1.25338e-10 -0.00870162 -0.0641965 0.012456 -0.00169534 0.00324736 0.0101061 -0.0199102 -0.034857 0.0211623 -0.0138586 -0.00638595
internal_weight=2.61228 2.19904 0.606979 1.59206 1.02525 0.806425 0.575626 0.218828 0.126633 0.344604 0.2308 0.231022
internal_count=300 291 40 251 222 158 103 64 42 62 55 41
is_linear=0
shrinkage=0.05


Tree=67
num_leaves=12
num_cat=0
split_feature=0 2 5 2 1 1 1 1 4 4 1
split_gain=0.385562 1.09099 0.18173 0.0283682 0.0384459 0.0380695 0.0294251 0.0218296 0.00834183 0.0073863 0.0035917
threshold=0.55000000000000016 1.0000000180025095e-35 0.65000000000000013 8.5000000000000018 0.47650000000000003 0.52500000000000013 0.45750000000000007 0.52050000000000007 0.99250000000000005 0.78700000000000003 0.43250000000000005
decision_type=2 2 2 2 2 2 2 2 2 2 2
left_child=1 -1 3 4 -3 6 10 -6 -7 -8 -5
right_child=-2 2 -4 5 7 8 9 -9 -10 -11 -12
leaf_value=-0.064468925910121808 0.045580717083300831 0.0084689411132465586 0.037177061306107949 0.0051260154934151328 -0.053362929601662695 -0.020702792406122345 0.01402205857476151 -0.0096827388822365648 -0.0012240674962983682 0.028735343048766539 -0.0073230840497768984
leaf_weight=0.61765114025911394 0.3930013165809213 0.097111463779583351 0.54984882357530285 0.11433915887027979 0.065074602025561035 0.12051067652646452 0.15967679966706783 0.051035908691119403 0.10105475853197277 0.18312646960839629 0.11745486152358353
leaf_count=40 9 22 29 20 15 33 36 27 22 26 21
internal_value=-5.41616e-10 -0.00822886 0.0140492 0.00145065 -0.0147466 0.00578847 0.0125778 -0.0341635 -0.0118187 0.0218819 -0.0011822
internal_weight=2.56989 2.17688 1.55923 1.00938 0.213222 0.796163 0.574597 0.116111 0.221565 0.342803 0.231794
internal_count=300 291 251 222 64 158 103 42 55 62 41
is_linear=0
shrinkage=0.05


Tree=68
num_leaves=12
num_cat=0
split_feature=0 0 1 2 5 1 1 2 1 1 4
split_gain=0.353888 1.1727 0.136241 0.0596091 0.113171 0.0663594 0.0274058 0.0393009 0.0312343 0.00893502 0.00798063
threshold=0.55000000000000016 0.3665000000000001 0.75500000000000012 1.5000000000000002 0.65000000000000013 0.46800000000000003 0.52500000000000013 11.000000000000002 0.45750000000000007 0.50200000000000011 0.99250000000000005
decision_type=2 2 2 2 2 2 2 2 2 2 2
left_child=1 2 3 5 6 -1 7 -5 -9 -10 -8
right_child=-2 -3 -4 4 -6 -7 10 8 9 -11 -12
leaf_value=0.015320675057452405 0.044861547006439843 -0.068664403834946583 0.043367953127288875 -0.013723267610374594 0.053517974047910769 -0.045605329200363476 -0.01793086550758987 0.00031487620177487552 0.01778138914188054 0.033515544246266619 -0.00015002671138109817
leaf_weight=0.078334945719689908 0.37500491924583901 0.57940364559181023 0.32315958058461536 0.13626129459589698 0.13939082948490977 0.10406568326288834 0.123401032644324 0.19983410928398371 0.19897597841918468 0.16509510879404843 0.12915538036031649
leaf_count=18 9 28 9 30 6 36 39 36 33 26 30
internal_value=1.64388e-09 -0.00772747 0.0143716 0.00701941 0.0114385 -0.0194397 0.00528195 0.0103751 0.0161982 0.0249163 -0.00883788
internal_weight=2.55208 2.17708 1.59767 1.27451 1.09211 0.182401 0.952723 0.700166 0.563905 0.364071 0.252556
internal_count=300 291 263 254 200 54 194 125 95 59 69
is_linear=0
shrinkage=0.05


Tree=69
num_leaves=10
num_cat=0
split_feature=2 5 2 1 1 4 1 1 1
split_gain=0.532568 0.116862 0.0528768 0.0910181 0.0642731 0.0280113 0.0191865 0.0717571 0.0163183
threshold=1.0000000180025095e-35 0.65000000000000013 11.000000000000002 0.53650000000000009 0.45750000000000007 0.78700000000000003 0.47650000000000003 0.5375000000000002 0.5525000000000001
decision_type=2 2 2 2 2 2 2 2 2
left_child=-1 2 6 4 -4 -6 -2 -8 -5
right_child=1 -3 3 8 5 -7 7 -9 -10
leaf_value=-0.02776361259741509 0.003675349634544764 0.03752907173989941 -0.00014568349121311369 -0.033050406593775707 0.019182682748080333 0.04500102403275557 -0.053046878192006146 0.020965156000948809 -0.0014780393661439992
leaf_weight=1.0403269555536101 0.1174714984372256 0.52742314897477616 0.19518988649360836 0.086536647053435445 0.17824595118872821 0.25584518117830157 0.083042502519674599 0.05407417006790638 0.077648700098507106
leaf_count=45 27 32 36 13 39 24 24 30 30
internal_value=-4.28079e-10 0.018333 0.00867277 0.0150344 0.0236843 0.0343995 -0.0111542 -0.023859 -0.0181188
internal_weight=2.6158 1.57548 1.04805 0.793466 0.629281 0.434091 0.254588 0.137117 0.164185
internal_count=300 255 223 142 99 63 81 54 43
is_linear=0
shrinkage=0.05


Tree=70
num_leaves=12
num_cat=0
split_feature=2 0 2 1 1 2 1 1 1 2 1
split_gain=0.36459 0.167175 0.0789879 0.0255935 0.0633907 0.0279032 0.0343011 0.0269721 0.0288341 0.0105353 0.00554121
threshold=1.0000000180025095e-35 0.22500000000000003 1.5000000000000002 0.50200000000000011 0.50550000000000017 9.5000000000000018 0.52500000000000013 0.47650000000000003 0.44250000000000006 9.5000000000000018 0.5465000000000001
decision_type=2 2 2 2 2 2 2 2 2 2 2
left_child=-1 3 -3 7 -5 -6 -7 8 -2 -4 -8
right_child=1 2 9 4 5 6 10 -9 -10 -11 -12
leaf_value=-0.023161476528409962 -0.011772853484082401 0.01965000390667454 0.048684622773815842 0.048141728582763277 0.022872806518330471 0.016585335354333364 -0.026904467511673247 -0.023801651597822739 0.015866583039562353 0.069300714474362091 -0.0097951913194540517
leaf_weight=1.0234282738529148 0.18236862937919773 0.26429104921407987 0.12455968756694347 0.096320823766291142 0.12810781638836488 0.1151629495434463 0.091044251807034016 0.13097737648058683 0.19552994356490672 0.12332170084118843 0.098548589274287224
leaf_count=45 36 12 10 6 38 20 11 27 29 33 33
internal_value=6.32136e-10 0.0152907 0.0386662 0.00375736 0.0114562 0.00329296 -0.00493767 -0.00424875 0.00252817 0.0589412 -0.0180112
internal_weight=2.57366 1.55023 0.512172 1.03806 0.529184 0.432864 0.304756 0.508876 0.377899 0.247881 0.189593
internal_count=300 255 55 200 108 102 64 92 65 43 44
is_linear=0
shrinkage=0.05


Tree=71
num_leaves=13
num_cat=0
split_feature=0 0 1 0 1 1 4 2 1 1 1 1
split_gain=0.351847 0.798622 0.174849 0.0734002 0.0487777 0.0299231 0.0151166 0.0150225 0.0146595 0.049854 0.0195086 0.00608154
threshold=0.55000000000000016 0.3665000000000001 0.75500000000000012 0.22500000000000003 0.55650000000000011 0.51850000000000007 0.99250000000000005 12.500000000000002 0.44450000000000006 0.46800000000000003 0.49650000000000005 0.46150000000000008
decision_type=2 2 2 2 2 2 2 2 2 2 2 2
left_child=1 2 3 4 5 6 8 -6 -1 -10 -11 -8
right_child=-2 -3 -4 -5 7 -7 11 -9 9 10 -12 -13
leaf_value=-0.010373671971183719 0.045135100189330049 -0.058728681585791011 0.044179915856878929 0.030436976762520097 -0.053724391107528094 0.016444609438396297 -0.020669842500367255 -0.018118859584239897 0.040267774537026027 -0.024829970261601535 0.011303384692211607 -0.0063672547292017989
leaf_weight=0.141960232518614 0.3676145989447831 0.56499427836388338 0.31218127347528923 0.19472322514047835 0.049979881849139929 0.23238620033953339 0.13330154586583376 0.072737705195322633 0.08613662701100111 0.077792152587790042 0.071862923563458025 0.167983487714082
leaf_count=29 9 28 9 25 26 42 28 25 15 26 16 22
internal_value=7.61229e-10 -0.00787845 0.0107648 0.00227601 -0.00302655 0.000958044 -0.00434191 -0.0326201 0.00232057 0.00996323 -0.00747908 -0.0126953
internal_weight=2.47365 2.10604 1.54105 1.22886 1.03414 0.911423 0.679037 0.122718 0.377752 0.235792 0.149655 0.301285
internal_count=300 291 263 254 229 178 136 51 86 57 42 50
is_linear=0
shrinkage=0.05


Tree=72
num_leaves=11
num_cat=0
split_feature=0 2 5 2 1 1 1 1 4 4
split_gain=0.326523 0.713629 0.210683 0.027643 0.0421464 0.0270582 0.0143929 0.0123359 0.00753119 0.000951822
threshold=0.55000000000000016 1.0000000180025095e-35 0.65000000000000013 11.000000000000002 0.53650000000000009 0.45750000000000007 0.53650000000000009 0.45750000000000007 0.78700000000000003 0.99250000000000005
decision_type=2 2 2 2 2 2 2 2 2 2
left_child=1 -1 3 6 5 -5 7 -3 -7 -6
right_child=-2 2 -4 4 9 8 -8 -9 -10 -11
leaf_value=-0.054874167762740983 0.044270528169783607 -0.011963858411639378 0.037249919996975668 -0.0072772387703914755 -0.024064693095500897 0.008605696621639158 0.0038525828898772932 -0.038127727662829791 0.022974881890743478 -0.016451907011369313
leaf_weight=0.57515621109632853 0.35444170283153642 0.093482742086052673 0.49922532495111227 0.17726736422628164 0.078795405221171677 0.16602444520685822 0.059124246938154101 0.086958014406263828 0.20230194739997387 0.085733116138726473
leaf_count=40 9 24 29 36 26 39 31 25 24 17
internal_value=1.50872e-09 -0.00775236 0.010953 -0.00287063 0.00208407 0.0087732 -0.0175574 -0.0245728 0.0164979 -0.0200978
internal_weight=2.37851 2.02407 1.44891 0.949687 0.710122 0.545594 0.239565 0.180441 0.368326 0.164529
internal_count=300 291 251 222 142 99 80 49 63 43
is_linear=0
shrinkage=0.05


Tree=73
num_leaves=13
num_cat=0
split_feature=0 0 1 2 0 1 1 2 1 1 1 4
split_gain=0.29823 0.649192 0.175409 0.0480991 0.113323 0.0404715 0.0185177 0.0140089 0.0211031 0.00791177 0.012897 0.00576406
threshold=0.55000000000000016 0.3665000000000001 0.75500000000000012 1.5000000000000002 0.22500000000000003 0.49150000000000005 0.53650000000000009 11.000000000000002 0.45750000000000007 0.53850000000000009 0.55950000000000022 0.99250000000000005
decision_type=2 2 2 2 2 2 2 2 2 2 2 2
left_child=1 2 3 5 6 -1 7 -5 -9 -8 -11 -10
right_child=-2 -3 -4 4 -6 -7 9 8 11 10 -12 -13
leaf_value=0.0012488755744566279 0.043500974117490897 -0.054177240424345498 0.044221783931586191 -0.011820143290802179 0.048714474882095793 -0.049728051436661522 -0.027399414723898341 -0.0079336477319272031 0.019268362484429771 0.010495358688230309 -0.020353036425442297 0.0064923477605545055
leaf_weight=0.07668713585007958 0.33701397478580464 0.53981273481622327 0.2982263802550732 0.13029930286575109 0.13033244339749217 0.079090459679719061 0.073484399355947971 0.17121551465243101 0.19320630328729749 0.059415018535219133 0.078840247355401516 0.16256501525640488
leaf_count=28 9 28 9 29 23 26 7 33 36 19 34 19
internal_value=3.73448e-10 -0.00735532 0.0100354 0.0012094 0.00523763 -0.0246328 -0.00128283 0.00285976 0.00648941 -0.0141423 -0.00709598 0.0134305
internal_weight=2.33019 1.99317 1.45336 1.15514 0.999358 0.155778 0.869026 0.657286 0.526987 0.21174 0.138255 0.355771
internal_count=300 291 263 254 200 54 177 117 88 60 53 55
is_linear=0
shrinkage=0.05


Tree=74
num_leaves=13
num_cat=0
split_feature=0 2 1 5 2 1 1 1 1 1 1 4
split_gain=0.27126 0.635906 1.25972 0.203536 0.0433427 0.0321344 0.0389667 0.0111817 0.0107247 0.0105867 0.0279035 4.93077e-05
threshold=0.55000000000000016 1.0000000180025095e-35 0.83350000000000002 0.65000000000000013 11.000000000000002 0.53650000000000009 0.45750000000000007 0.5525000000000001 0.48750000000000004 0.47650000000000003 0.5375000000000002 0.99250000000000005
decision_type=2 2 2 2 2 2 2 2 2 2 2 2
left_child=1 2 -1 4 9 6 -6 -7 -8 -3 -11 -10
right_child=-2 3 -4 -5 5 7 8 -9 11 10 -12 -13
leaf_value=0.020473571786782163 0.042439956828252606 -0.010337248518121995 -0.12756237731453188 0.03767849534872364 -0.011524141655867114 -0.029297753191258089 0.026702531967895911 -0.0021248600312984782 0.010768603582326612 -0.052673594908874057 -0.001939914823806762 0.0092282259521137399
leaf_weight=0.2968672784045342 0.32335065351799119 0.097810163395479099 0.27854455076158047 0.47947940754238516 0.16174314357340336 0.082763961399905384 0.17836416233330965 0.069779768353328109 0.10271750658284873 0.069095466227736324 0.044594104343559593 0.10511730285361409
leaf_count=36 9 27 4 29 36 13 22 30 28 23 30 13
internal_value=-2.83385e-10 -0.00697705 -0.0511875 0.0113053 -0.00256054 0.00342894 0.00907942 -0.0168678 0.0177083 -0.0223977 -0.0327736 0.00998952
internal_weight=2.29023 1.96688 0.575412 1.39146 0.911986 0.700486 0.547942 0.152544 0.386199 0.2115 0.11369 0.207835
internal_count=300 291 40 251 222 142 99 43 63 80 53 41
is_linear=0
shrinkage=0.05


Tree=75
num_leaves=15
num_cat=0
split_feature=3 1 0 1 2 5 1 2 1 1 1 1 1 1
split_gain=0.287717 0.281262 0.383925 0.161819 0.0343435 0.100611 0.0449798 0.0147756 0.0201485 0.0180165 0.0105667 0.0102889 0.0057289 0.00810106
threshold=1.5000000000000002 0.88950000000000007 0.45000000000000007 0.75500000000000012 1.5000000000000002 0.65000000000000013 0.49150000000000005 11.000000000000002 0.53650000000000009 0.46150000000000008 0.47650000000000003 0.5525000000000001 0.48750000000000004 0.51150000000000018
decision_type=2 2 2 2 2 2 2 2 2 2 2 2 2 2
left_child=1 2 3 4 6 7 -1 10 9 -9 -6 -10 -11 -14
right_child=-2 -3 -4 -5 5 -7 -8 8 11 12 -12 -13 13 -15
leaf_value=0.006144237510814405 -0.05531774547499535 0.052854855223455371 -0.048748331829063171 0.044633116237138011 0.00068334762828289029 0.050519890277747441 -0.048734929015057341 -0.0054419135354302995 -0.026280664060658123 0.02197991076723339 -0.02523209343926899 0.00031223077404508561 -0.001129289385852307 0.019012939840765467
leaf_weight=0.076576199964620395 0.21227815374732006 0.27501213550567616 0.3449113480746745 0.27426649798871938 0.067973649129271507 0.10827794740907848 0.072865140915382653 0.18308584787882864 0.07778567960485816 0.13582735462114215 0.093351814430207014 0.068318898440338671 0.10259443812537938 0.097226217156276107
leaf_count=30 3 1 26 9 20 6 28 38 13 20 35 30 20 21
internal_value=6.12544e-10 0.00593646 -0.00163997 0.0103235 0.00164179 0.00520105 -0.0206139 -0.000738482 0.00255537 0.00717484 -0.0143128 -0.0138458 0.0140569 0.00867126
internal_weight=2.19035 1.97807 1.70306 1.35815 1.08388 0.934442 0.149441 0.826164 0.664838 0.518734 0.161325 0.146105 0.335648 0.199821
internal_count=300 297 296 270 261 203 58 197 142 99 55 43 61 41
is_linear=0
shrinkage=0.05


Tree=76
num_leaves=15
num_cat=0
split_feature=3 1 0 1 1 1 2 5 1 2 1 1 4 4
split_gain=0.287205 0.255822 0.405406 0.129862 0.0313278 0.0686093 0.05337 0.0783257 0.0170484 0.0104132 0.00812915 0.0105919 0.00941934 0.00538639
threshold=1.5000000000000002 0.88950000000000007 0.45000000000000007 0.75500000000000012 0.43950000000000006 0.41650000000000004 1.5000000000000002 0.65000000000000013 0.49150000000000005 8.5000000000000018 0.53650000000000009 0.46150000000000008 0.78700000000000003 0.99250000000000005
decision_type=2 2 2 2 2 2 2 2 2 2 2 2 2 2
left_child=1 2 3 4 5 -1 8 9 -6 -8 11 -11 -13 -12
right_child=-2 -3 -4 -5 6 -7 7 -9 -10 10 13 12 -14 -15
leaf_value=-0.0087033204431206258 -0.053087599530220922 0.05268782395810187 -0.048304122738290566 0.043292489697584646 -0.0091246926290681468 0.055310463424583081 -0.01631550760054282 0.047535435234630996 -0.047067434861842977 -0.0087145451164297571 -0.018935680238677928 0.0010810279326805214 0.017732404861799791 3.4247933529670599e-06
leaf_weight=0.082096705911681278 0.22808556631207455 0.25703802704811085 0.35550372232682992 0.26256746996659774 0.052336078835651278 0.085399573436006904 0.092747254355344921 0.095714526018127799 0.068162624316755682 0.10577588994055986 0.066658348427154124 0.1699132916983217 0.16980605758726597 0.085948584601283073
leaf_count=17 3 1 26 9 19 24 32 5 28 21 29 39 27 20
internal_value=-1.37116e-09 0.00621055 -0.000847357 0.01177 0.00406756 0.0239347 0.000398934 0.00514599 -0.0305878 -0.000726907 0.00169041 0.0051021 0.00940409 -0.00826913
internal_weight=2.17775 1.94967 1.69263 1.33713 1.07456 0.167496 0.907063 0.786564 0.120499 0.690849 0.598102 0.445495 0.339719 0.152607
internal_count=300 297 296 270 261 41 220 173 47 168 136 87 66 49
is_linear=0
shrinkage=0.05


Tree=77
num_leaves=14
num_cat=0
split_feature=3 1 0 1 2 5 1 2 1 1 1 1 4
split_gain=0.294999 0.231213 0.275194 0.123073 0.0306562 0.0769104 0.0328159 0.0146027 0.01584 0.0104639 0.00789789 0.00770054 0.00711004
threshold=1.5000000000000002 0.88950000000000007 0.45000000000000007 0.75500000000000012 1.5000000000000002 0.65000000000000013 0.49150000000000005 11.000000000000002 0.53650000000000009 0.47650000000000003 0.46150000000000008 0.5525000000000001 0.78700000000000003
decision_type=2 2 2 2 2 2 2 2 2 2 2 2 2
left_child=1 2 3 4 6 7 -1 9 10 -6 -9 -10 -12
right_child=-2 -3 -4 -5 5 -7 -8 8 11 -11 12 -13 -14
leaf_value=0.0039900869521070827 -0.051557920310461552 0.052536040005570731 -0.04050887467934524 0.04179386592471479 0.0021056286552879103 0.047678212489490154 -0.045229358574147886 -0.00022340996236772668 -0.022590678516629062 -0.025021740508009694 0.0049642430646755775 0.001442723394535236 0.019469758524094872
leaf_weight=0.071601888339501096 0.24515983462333668 0.2405189275741576 0.33308475697413076 0.25228132191114117 0.062512850156053901 0.099381834967061877 0.064255240198690444 0.18301808973774314 0.069982771878130734 0.082412183459382504 0.15914194064680487 0.063637124956585467 0.18006163090467453
leaf_count=30 3 1 26 9 20 6 28 38 13 35 38 30 23
internal_value=-3.38409e-10 0.00678876 2.47846e-06 0.0104766 0.00285046 0.00619189 -0.0192888 0.00104309 0.00421709 -0.0133205 0.00814767 -0.0111447 0.0126643
internal_weight=2.10705 1.86189 1.62137 1.28829 1.03601 0.900148 0.135857 0.800767 0.655842 0.144925 0.522222 0.13362 0.339204
internal_count=300 297 296 270 261 203 58 197 142 55 99 43 61
is_linear=0
shrinkage=0.05


Tree=78
num_leaves=14
num_cat=0
split_feature=3 1 0 1 2 5 1 1 1 4 2 4 1
split_gain=0.317114 0.207439 0.258208 0.100053 0.0270808 0.0638705 0.0315794 0.0113697 0.0470513 0.0148935 0.0132558 0.0119229 0.0285176
threshold=1.5000000000000002 0.88950000000000007 0.45000000000000007 0.75500000000000012 1.5000000000000002 0.65000000000000013 0.49150000000000005 0.47650000000000003 0.46150000000000008 0.99250000000000005 12.500000000000002 0.78700000000000003 0.52050000000000007
decision_type=2 2 2 2 2 2 2 2 2 2 2 2 2
left_child=1 2 3 4 6 7 -1 8 9 -6 -9 12 -12
right_child=-2 -3 -4 -5 5 -7 -8 10 -10 -11 11 -13 -14
leaf_value=0.0060225813856847089 -0.050960598556359919 0.052393664546397371 -0.03821244215645471 0.040186234313956293 0.0097656228617692565 0.046105320101991767 -0.043081945457587513 -0.020660941976054472 0.040260513642108191 -0.015608356824957257 -0.030011348050164283 0.0097198753440421795 0.010319770101151378
leaf_weight=0.070983680954668893 0.26637979224324215 0.22498366236686695 0.33096835948526848 0.24354069086257357 0.12675406131893396 0.096354383742436767 0.060774151177611202 0.078910379786975682 0.09295601537451148 0.10635481914505363 0.079595700721256435 0.21480135852470994 0.097543423296883702
leaf_count=30 3 1 26 9 25 6 28 36 11 31 26 35 33
internal_value=6.13144e-10 0.00744024 0.0011173 0.0113784 0.00453381 0.00765507 -0.0166272 0.00300608 0.0101828 -0.00181113 -0.00196383 0.00180051 -0.00780262
internal_weight=2.0909 1.82452 1.59954 1.26857 1.02503 0.89327 0.131758 0.796916 0.326065 0.233109 0.470851 0.39194 0.177139
internal_count=300 297 296 270 261 203 58 197 67 56 130 94 59
is_linear=0
shrinkage=0.05


Tree=79
num_leaves=13
num_cat=0
split_feature=2 1 1 2 1 1 1 1 2 1 4 1
split_gain=0.463576 0.156033 0.11955 0.0235292 0.0174941 0.0942431 0.0310455 0.018535 0.0409157 0.00952451 0.00735044 0.00571654
threshold=1.0000000180025095e-35 0.75500000000000012 0.86850000000000016 4.5000000000000009 0.47650000000000003 0.46150000000000008 0.51850000000000007 0.53650000000000009 12.500000000000002 0.43250000000000005 0.99250000000000005 0.5525000000000001
decision_type=2 2 2 2 2 2 2 2 2 2 2 2
left_child=2 3 -1 -2 5 9 10 -8 -9 -5 -6 -10
right_child=1 -3 -4 4 6 -7 7 8 11 -11 -12 -13
leaf_value=-0.0076345569678153303 -0.01297609423639403 0.048166816679205381 -0.046529789478699075 0.010853270075361857 -0.019804989575175822 0.053657523385835952 0.037707020787536183 0.036300477423467023 -0.019617897876616195 -0.0095800893816973959 -0.0014048999125733401 0.0017462280061982796
leaf_weight=0.34604926640167866 0.11413511238060869 0.32841147296130657 0.46040141582489014 0.11049467604607344 0.087025412358343601 0.1298445132561028 0.074885774403810501 0.08128958655288443 0.06448693573474884 0.11786299990490079 0.14423323143273592 0.060863593476824462
leaf_count=42 39 11 3 28 31 11 16 19 12 30 22 36
internal_value=1.01315e-09 0.0183203 -0.0298398 0.00837032 0.0111676 0.019646 0.00524506 0.0163955 0.00867225 0.000306933 -0.00832908 -0.00924461
internal_weight=2.11998 1.31353 0.806451 0.985122 0.870987 0.358202 0.512785 0.281526 0.20664 0.228358 0.231259 0.125351
internal_count=300 255 45 244 205 69 136 83 67 58 53 48
is_linear=0
shrinkage=0.05


Tree=80
num_leaves=13
num_cat=0
split_feature=2 1 1 1 0 0 1 1 1 1 4 4
split_gain=0.397098 0.157527 0.110578 0.308235 0.0578619 0.0469658 0.0150891 0.0524186 0.00819626 0.00559187 0.00510883 0.00185007
threshold=1.0000000180025095e-35 0.75500000000000012 0.47650000000000003 0.46150000000000008 0.22500000000000003 0.45000000000000007 0.51850000000000007 0.52500000000000013 0.50350000000000017 0.55650000000000011 0.99250000000000005 0.99250000000000005
decision_type=2 2 2 2 2 2 2 2 2 2 2 2
left_child=5 2 3 10 6 -1 8 -8 -4 -9 -2 -11
right_child=1 -3 4 -5 -6 -7 7 9 -10 11 -12 -13
leaf_value=-0.038846237026769065 -0.0060916570316244291 0.047461368227981575 -0.017682637135076302 0.069703223136782136 0.024019489035627319 -0.015300551718598857 0.034468867781880061 -0.013221613119544728 -0.038202150618597844 -0.039829023560208704 -0.020591057835312936 -0.023769797909263885
leaf_weight=0.41380160266999189 0.13688094262033679 0.32111357134999696 0.12511281302431598 0.21223664795979857 0.11555778631009161 0.43381896242499352 0.057505308999679983 0.11308616073802114 0.079645455058198422 0.032679757685400546 0.10923337750136852 0.039745716203469783
leaf_count=37 34 11 30 11 30 8 10 29 20 23 36 21
internal_value=-6.82281e-10 0.0169142 0.00731323 0.0255492 -0.00752433 -0.0267954 -0.0156649 -0.00723978 -0.0256642 -0.0201687 -0.012527 -0.031016
internal_weight=2.19042 1.3428 1.02168 0.458351 0.563333 0.847621 0.447775 0.243017 0.204758 0.185512 0.246114 0.0724255
internal_count=300 255 244 81 163 45 133 83 50 73 70 44
is_linear=0
shrinkage=0.05


Tree=81
num_leaves=13
num_cat=0
split_feature=0 2 1 1 1 1 1 1 1 4 1 4
split_gain=0.197718 0.370939 0.703342 0.270452 0.0184425 0.0213181 0.0120035 0.0226667 0.00635371 0.00515015 0.00283663 0.00228015
threshold=0.55000000000000016 1.0000000180025095e-35 0.83350000000000002 0.66600000000000004 0.48550000000000004 0.46150000000000008 0.51850000000000007 0.52500000000000013 0.55650000000000011 0.99250000000000005 0.50350000000000017 0.99250000000000005
decision_type=2 2 2 2 2 2 2 2 2 2 2 2
left_child=1 2 -1 4 5 9 10 -8 -9 -3 -6 -10
right_child=-2 3 -4 -5 6 -7 7 8 11 -11 -12 -13
leaf_value=0.016948880723211362 0.042129794774376242 -0.0042177770645288734 -0.10356107675839597 0.041094258114123469 -0.019785047147365148 0.012188850682715725 0.019933678994259563 -0.01026618171094053 -0.03926537553508852 -0.018670243905879527 -0.033966413039665029 -0.021293431261456514
leaf_weight=0.24316695588640858 0.24378794711083185 0.1408842960372565 0.24114845134317875 0.42116494319634512 0.062742636189796031 0.17538083414547145 0.051483122981153429 0.11508373077958822 0.031639205291867256 0.10959252715110779 0.080508318904321641 0.03991228312952444
leaf_count=36 9 34 4 14 23 25 10 36 28 35 23 23
internal_value=1.29993e-09 -0.00599678 -0.043055 0.00861407 -0.00833224 -0.00118032 -0.0163185 -0.00943824 -0.0175404 -0.0105412 -0.0277551 -0.0292404
internal_weight=1.9565 1.71271 0.484315 1.22839 0.807227 0.425858 0.381369 0.238118 0.186635 0.250477 0.143251 0.0715515
internal_count=300 291 40 251 237 94 143 97 87 69 46 51
is_linear=0
shrinkage=0.05


Tree=82
num_leaves=12
num_cat=0
split_feature=0 2 1 1 1 1 1 1 4 4 2
split_gain=0.182738 0.346489 0.242767 0.0134478 0.00724264 0.012952 0.014018 0.00836488 0.00716142 0.0024629 0.00166074
threshold=0.55000000000000016 1.0000000180025095e-35 0.66600000000000004 0.55650000000000011 0.44250000000000006 0.47650000000000003 0.51850000000000007 0.53650000000000009 0.78700000000000003 0.99250000000000005 12.500000000000002
decision_type=2 2 2 2 2 2 2 2 2 2 2
left_child=1 -1 3 4 10 -6 8 -8 -7 -5 -3
right_child=-2 2 -4 9 5 6 7 -9 -10 -11 -12
leaf_value=-0.042503145061539613 0.04145864228502405 -0.022208095385787649 0.040049745216713582 -0.040164645007380519 0.0072784090217216926 -0.029255762759814275 0.015053872619416001 -0.0076574291895431636 -0.01017249571192775 -0.020833148807457888 -0.01118754699458463
leaf_weight=0.46339489158708591 0.23272888734936725 0.061298513785004394 0.40227599648642354 0.029188196582254022 0.19132036855444312 0.078151008754502982 0.071688665309920907 0.093318547238595784 0.13253870350308716 0.037830988585483283 0.077286076499149203
leaf_count=40 9 21 14 28 35 36 18 28 24 23 24
internal_value=2.86213e-10 -0.00588944 0.00855149 -0.00784852 -0.00581555 -0.00331118 -0.00870384 0.00220967 -0.017251 -0.0292524 -0.0160621
internal_weight=1.87102 1.63829 1.1749 0.772621 0.705602 0.567017 0.375697 0.165007 0.21069 0.0670192 0.138585
internal_count=300 291 251 237 186 141 106 46 60 51 45
is_linear=0
shrinkage=0.05


Tree=83
num_leaves=12
num_cat=0
split_feature=0 2 1 1 1 1 1 1 1 4 2
split_gain=0.168532 0.291222 0.231275 0.0106533 0.00836472 0.00974683 0.00810786 0.00489694 0.00347224 0.00264098 0.00121918
threshold=0.55000000000000016 1.0000000180025095e-35 0.66600000000000004 0.55650000000000011 0.51850000000000007 0.50350000000000017 0.53650000000000009 0.44250000000000006 0.47650000000000003 0.99250000000000005 12.500000000000002
decision_type=2 2 2 2 2 2 2 2 2 2 2
left_child=1 -1 3 4 5 7 -6 10 -9 -5 -3
right_child=-2 2 -4 9 6 -7 -8 8 -10 -11 -12
leaf_value=-0.039864378567399869 0.040779973163408811 -0.020245770712209375 0.039203774094326446 -0.039406770271744433 0.016048396739970425 -0.026172830897115841 -0.0066746648489752446 0.0011888778075927343 -0.0096016243386311869 -0.019100232772389932 -0.010635857986238988
leaf_weight=0.44771633192431171 0.22203725157305609 0.058862176723778026 0.38569235426257364 0.028054822003468871 0.070199306937865913 0.077021060918923467 0.089060931117273867 0.17565474868752062 0.12952950940234587 0.037299057061318308 0.075129457050934434
leaf_count=40 9 21 14 28 18 23 28 35 37 23 24
internal_value=1.32212e-09 -0.00575185 0.0078058 -0.00854109 -0.00667602 -0.00976662 0.00334129 -0.00688935 -0.00339094 -0.0278173 -0.0148575
internal_weight=1.79626 1.57422 1.1265 0.740811 0.675457 0.516197 0.15926 0.439176 0.305184 0.0653539 0.133992
internal_count=300 291 251 237 186 140 46 117 72 51 45
is_linear=0
shrinkage=0.05


Tree=84
num_leaves=13
num_cat=0
split_feature=0 2 1 0 1 2 1 2 1 1 1 1
split_gain=0.155458 0.277309 0.205321 0.0117069 0.021281 0.00591039 0.00610753 0.00512691 0.00393097 0.0187467 1.7328e-05 1.62236e-05
threshold=0.55000000000000016 1.0000000180025095e-35 0.66600000000000004 1.0000000180025095e-35 0.48350000000000004 11.000000000000002 0.44750000000000006 5.5000000000000009 0.50200000000000011 0.53650000000000009 0.51550000000000018 0.45750000000000007
decision_type=2 2 2 2 2 2 2 2 2 2 2 2
left_child=1 -1 3 5 -5 6 -3 -8 11 -10 -6 -7
right_child=-2 2 -4 4 10 8 7 -9 9 -11 -12 -13
leaf_value=-0.038765039625022542 0.040097429359934898 -0.027544329843750909 0.038338924370199583 0.0029396589303625174 -0.053313437249203004 -0.0062504380092419619 0.0053474557002424657 -0.017136834426114883 0.015546755122273973 -0.013952969812748288 -0.051134170154623883 -0.0070176070722171502
leaf_weight=0.44585658682626661 0.21237859688699257 0.053726779529824631 0.36962041733204387 0.032166283577680588 0.02225655410438776 0.12556243827566504 0.047267550078686327 0.054686005401890725 0.11991764907725155 0.097759301774203777 0.015455910935997963 0.15274696052074432
leaf_count=40 9 13 14 35 17 22 29 18 17 29 35 22
internal_value=1.94563e-09 -0.00554047 0.00803527 -0.00748814 -0.0269372 -0.0054026 -0.0139019 -0.0067127 -0.00273483 0.00229835 -0.0524203 -0.00667149
internal_weight=1.7494 1.53702 1.09117 0.721545 0.0698787 0.651667 0.15568 0.101954 0.495986 0.217677 0.0377125 0.278309
internal_count=300 291 251 237 87 150 60 47 90 46 52 44
is_linear=0
shrinkage=0.05


Tree=85
num_leaves=13
num_cat=0
split_feature=0 2 5 0 0 2 1 1 1 1 1 4
split_gain=0.142219 0.304808 0.180813 0.0209927 0.0180262 0.0084195 0.00769722 0.0237831 0.00615753 0.0188363 5.66792e-05 5.80302e-06
threshold=0.55000000000000016 1.0000000180025095e-35 0.65000000000000013 1.0000000180025095e-35 0.22500000000000003 11.000000000000002 0.50200000000000011 0.53650000000000009 0.47650000000000003 0.53650000000000009 0.46150000000000008 0.99250000000000005
decision_type=2 2 2 2 2 2 2 2 2 2 2 2
left_child=1 -1 3 5 11 8 10 -8 -3 -10 -7 -5
right_child=-2 2 -4 4 -6 6 7 -9 9 -11 -12 -13
leaf_value=-0.039311364268743737 0.03935458408742587 -0.0032045162036466075 0.036862340550324203 -0.051870529341608879 0.0081122810086412291 -0.0065774304020110369 0.021514760070142171 -0.011965611956133725 -0.051400316510717053 5.6967736354103376e-05 -0.0051269454673560427 -0.053055114590993116
leaf_weight=0.45865114987827826 0.20261982223019015 0.065318114357068913 0.38428730261512101 0.022423672722652555 0.017463053809478879 0.13848168263211846 0.12073873332701623 0.094604512327350676 0.033962992369197309 0.03733446411206387 0.13111932447645813 0.01918308506719768
leaf_count=40 9 18 29 26 27 24 17 29 16 25 20 20
internal_value=-1.99287e-09 -0.00523378 0.00944316 -0.00603786 -0.0345223 -0.00333086 -0.000242154 0.00680618 -0.0142948 -0.024455 -0.00587199 -0.0524167
internal_weight=1.72619 1.52357 1.06492 0.68063 0.0590698 0.62156 0.484944 0.215343 0.136616 0.0712975 0.269601 0.0416068
internal_count=300 291 251 222 73 149 90 46 59 41 44 46
is_linear=0
shrinkage=0.05


Tree=86
num_leaves=11
num_cat=0
split_feature=0 2 5 1 1 1 4 1 1 1
split_gain=0.129932 0.25769 0.169575 0.00445189 0.0121556 0.00357075 0.0234528 0.00798183 0.00183867 0.000853268
threshold=0.55000000000000016 1.0000000180025095e-35 0.65000000000000013 0.54300000000000015 0.51850000000000007 0.47650000000000003 0.78700000000000003 0.44250000000000006 0.55950000000000022 0.58150000000000002
decision_type=2 2 2 2 2 2 2 2 2 2
left_child=1 -1 3 4 5 7 -7 -3 -5 -10
right_child=-2 2 -4 8 -6 6 -8 -9 9 -11
leaf_value=-0.03641475584347998 0.038582510078300269 -0.014690343134879998 0.035699130031360257 -0.0067796314056146785 0.0098434699461016836 -0.03759354667451284 -0.0007296296511490111 0.0023633799265293208 -0.016966453386120642 -0.029519287790365528
leaf_weight=0.4541032192937563 0.19322807854041468 0.11847686115652301 0.37354406126542017 0.027853285893797874 0.11351914203260094 0.066555184632306919 0.12266193213872612 0.16302307369187474 0.030400734452996403 0.0244055193325039
leaf_count=40 9 39 29 17 27 35 23 35 26 20
internal_value=1.18293e-09 -0.0049883 0.00872788 -0.00637935 -0.00484274 -0.00838449 -0.0136961 -0.00481414 -0.0172401 -0.0225563
internal_weight=1.68777 1.49454 1.04044 0.666896 0.584236 0.470717 0.189217 0.2815 0.0826595 0.0548063
internal_count=300 291 251 222 159 132 58 74 63 46
is_linear=0
shrinkage=0.05


Tree=87
num_leaves=13
num_cat=0
split_feature=3 1 0 1 2 0 1 1 1 1 4 1
split_gain=0.130448 0.155808 0.193689 0.142503 0.022826 0.0434297 0.024998 0.0111747 0.0233121 0.00575944 0.00335651 0.000788753
threshold=1.5000000000000002 0.88950000000000007 0.45000000000000007 0.75500000000000012 1.5000000000000002 0.22500000000000003 0.49150000000000005 0.54300000000000015 0.51350000000000018 0.43250000000000005 0.78700000000000003 0.56850000000000012
decision_type=2 2 2 2 2 2 2 2 2 2 2 2
left_child=1 2 3 4 6 7 -1 8 9 -6 -11 -9
right_child=-2 -3 -4 -5 5 -7 -8 11 -10 10 -12 -13
leaf_value=0.0023736913859476378 -0.0354206730681818 0.051768853255354498 -0.038377893564985367 0.04612483498571731 0.0064074543044750319 0.040697770314332721 -0.04593579878754956 -0.013095316488322281 0.018099283757939913 -0.013354119227612711 -0.003060613214614376 -0.022908887264415648
leaf_weight=0.054358642722945438 0.22538413107395183 0.16147619485855091 0.26593081885948766 0.21099665548535995 0.09415364102460444 0.070125590544193983 0.05277704814216122 0.041141249879729003 0.15813937134225853 0.14313840493559837 0.17728213965892792 0.040761057403869927
leaf_count=30 3 1 26 9 26 26 28 24 30 38 33 26
internal_value=-1.18515e-09 0.00542975 -0.000287424 0.00942557 0.000117201 0.00330162 -0.0214245 -0.000704433 0.00176601 -0.00446433 -0.00765893 -0.0179793
internal_weight=1.69566 1.47028 1.3088 1.04287 0.831877 0.724741 0.107136 0.654616 0.572714 0.414574 0.320421 0.0819023
internal_count=300 297 296 270 261 203 58 177 127 97 71 50
is_linear=0
shrinkage=0.05


Tree=88
num_leaves=13
num_cat=0
split_feature=2 1 1 1 2 0 1 1 4 1 1 1
split_gain=0.128698 0.145332 0.0768479 0.0983164 0.0232686 0.039284 0.0159764 0.0314558 0.00591802 0.00841173 0.00495676 0.00381599
threshold=1.0000000180025095e-35 0.75500000000000012 0.86850000000000016 0.78900000000000015 1.5000000000000002 0.22500000000000003 0.53650000000000009 0.51350000000000018 0.78700000000000003 0.47250000000000003 0.55650000000000011 0.46150000000000008
decision_type=2 2 2 2 2 2 2 2 2 2 2 2
left_child=2 4 3 -1 -2 6 7 8 11 -10 -8 -6
right_child=1 -3 -4 -5 5 -7 10 -9 9 -11 -12 -13
leaf_value=0.030357783230508192 -0.029125461688301869 0.044169549773300426 -0.034133588260069826 -0.026614536186352358 -0.0029293261290884451 0.039693673098547058 -0.0082890393261768076 0.027666716183450592 -0.0080562178404093524 0.011243359508586832 -0.028154273026761857 -0.017335224966585818
leaf_weight=0.1450213381467621 0.061892924888524936 0.24965962758869864 0.33469248190522194 0.15847428049892187 0.095877115614712238 0.065623281057924032 0.074436316383071244 0.10346147170639597 0.10594843188300729 0.12086706468835473 0.054314527777023613 0.088310304912738502
leaf_count=37 26 11 3 5 23 41 23 20 31 17 37 26
internal_value=-2.8032e-09 0.0110148 -0.0176115 0.000608928 0.000275181 0.00284233 -0.000917389 0.00302472 -0.00317839 0.00222828 -0.0166693 -0.00983636
internal_weight=1.65858 1.02039 0.638188 0.303496 0.770731 0.708839 0.643215 0.514464 0.411003 0.226815 0.128751 0.184187
internal_count=300 255 45 42 244 218 177 117 97 48 60 49
is_linear=0
shrinkage=0.05


Tree=89
num_leaves=15
num_cat=0
split_feature=3 1 0 1 1 1 1 0 1 1 2 1 2 1
split_gain=0.195154 0.139127 0.167148 0.122119 0.0332997 0.0673081 0.0776884 0.0335551 0.00954294 0.00883287 0.00587644 0.00635912 0.00383261 0.00263283
threshold=1.5000000000000002 0.88950000000000007 0.45000000000000007 0.75500000000000012 0.48100000000000004 0.52500000000000013 0.51850000000000007 0.22500000000000003 0.55650000000000011 0.49150000000000005 12.500000000000002 0.45500000000000007 12.500000000000002 0.43950000000000006
decision_type=2 2 2 2 2 2 2 2 2 2 2 2 2 2
left_child=1 2 3 4 10 6 9 8 -7 -6 13 -12 -10 -1
right_child=-2 -3 -4 -5 5 7 -8 -9 12 -11 11 -13 -14 -15
leaf_value=0.006950829741312111 -0.039651905528644504 0.051734557284000927 -0.034786420235123648 0.046513573230160726 0.022977250225798718 -0.012170813891720282 0.062582243986738104 0.01744331480848663 -0.052531007597399593 -0.0011064815676717621 -0.025303818136703678 -0.0075232476645829315 -0.02759574509929837 -0.00799935969379394
leaf_weight=0.053619333077221887 0.26218679919838916 0.15667952597141255 0.25064773461781431 0.19374080467969179 0.057330967567395419 0.090413538506254554 0.099444885971024632 0.078522743395296857 0.025247540543205105 0.11332562926691025 0.088788378518074751 0.11596120847389102 0.039549842535052449 0.065329034579917789
leaf_count=25 3 1 26 9 20 31 11 13 26 36 30 19 25 25
internal_value=1.05431e-09 0.00727719 0.00180079 0.0107803 0.00241443 0.0104538 0.0274541 -0.00919164 -0.0226665 0.00698429 -0.0100989 -0.0152337 -0.0373115 -0.00126014
internal_weight=1.69079 1.4286 1.27192 1.02127 0.827533 0.503835 0.270101 0.233734 0.155211 0.170657 0.323698 0.20475 0.0647974 0.118948
internal_count=300 297 296 270 261 162 67 95 82 56 99 49 51 50
is_linear=0
shrinkage=0.05


Tree=90
num_leaves=13
num_cat=0
split_feature=0 2 1 1 0 1 1 0 1 1 1 1
split_gain=0.109551 0.147649 0.204145 0.0190685 0.0196285 0.00716514 0.0113624 0.00589178 0.00568104 0.0052647 0.0084085 0.000281895
threshold=0.55000000000000016 1.0000000180025095e-35 0.75500000000000012 0.66600000000000004 1.0000000180025095e-35 0.44250000000000006 0.52500000000000013 0.22500000000000003 0.48350000000000004 0.5375000000000002 0.55650000000000011 0.50550000000000017
decision_type=2 2 2 2 2 2 2 2 2 2 2 2
left_child=1 -1 3 4 5 -3 8 11 -7 -8 -11 -6
right_child=-2 2 -4 -5 7 6 9 -9 -10 10 -12 -13
leaf_value=-0.030316981097218688 0.038170785899617914 -0.02053835259655324 0.044547033158157667 0.015487006086335778 -0.043912126326014739 -0.0072172740858344247 -0.032961278978025997 -0.011033620262310136 0.0055545752693883562 0.0037871109068455876 -0.027737947611861477 -0.052202466290893326
leaf_weight=0.39773836877429836 0.16728683677501988 0.095377645455300808 0.25204316721647047 0.077541254460811615 0.018240578938275576 0.17494978406466544 0.041494734352454543 0.013953794492408633 0.17333116629743017 0.044413877418264747 0.040384621766861528 0.023417904274538159
leaf_count=40 9 25 11 3 23 30 8 39 37 18 32 25
internal_value=-1.37366e-10 -0.00471988 0.00593914 -0.00790069 -0.0107997 -0.00803311 -0.00551986 -0.0391535 -0.000861028 -0.0183676 -0.0112265 -0.0485725
internal_weight=1.52017 1.35289 0.955149 0.703105 0.625564 0.569952 0.474574 0.0556123 0.348281 0.126293 0.0847985 0.0416585
internal_count=300 291 251 240 237 150 125 87 67 58 50 48
is_linear=0
shrinkage=0.05


Tree=91
num_leaves=13
num_cat=0
split_feature=0 2 0 1 0 0 1 1 4 1 4 1
split_gain=0.100323 0.109747 0.556297 0.203326 0.016773 0.00552895 0.00504756 0.00722157 0.00200609 0.00196824 0.00577236 0.000287945
threshold=0.55000000000000016 1.0000000180025095e-35 0.3665000000000001 0.66600000000000004 1.0000000180025095e-35 0.22500000000000003 0.44250000000000006 0.53650000000000009 0.99250000000000005 0.46800000000000003 0.78700000000000003 0.50550000000000017
decision_type=2 2 2 2 2 2 2 2 2 2 2 2
left_child=1 2 -1 4 6 11 -3 9 -9 -8 -11 -6
right_child=-2 3 -4 -5 5 -7 7 8 -10 10 -12 -13
leaf_value=0.032862571654860971 0.037371213499809992 -0.020542078658851229 -0.087772626651934041 0.037040694366862269 -0.043643876183282158 -0.011826837547070895 0.0015045746214253539 -0.027770647917145314 -0.013648499921756478 -0.015403132748399509 0.00042726198169615315 -0.052172026006324715
leaf_weight=0.19224937414401189 0.15983720659278344 0.091281669097952545 0.19002341292798519 0.31844955057022162 0.017632949398830533 0.013878061436116695 0.1078121397877112 0.040325626148842275 0.066810431802878156 0.10434642192558385 0.12849919125437737 0.022563088103197515
leaf_count=35 9 25 5 14 23 39 20 29 25 34 17 25
internal_value=-1.36314e-09 -0.00461662 -0.0271038 0.00481323 -0.012489 -0.0390365 -0.00982607 -0.00764164 -0.018964 -0.00408077 -0.0066669 -0.0484309
internal_weight=1.45371 1.29387 0.382273 0.911599 0.59315 0.0540741 0.539075 0.447794 0.107136 0.340658 0.232846 0.040196
internal_count=300 291 40 251 237 87 150 125 54 71 51 48
is_linear=0
shrinkage=0.05


Tree=92
num_leaves=13
num_cat=0
split_feature=0 2 1 0 1 1 1 1 1 1 1 4
split_gain=0.0921452 0.0751591 0.211397 0.00956157 0.00649615 0.00366524 0.00499038 0.00430872 0.0103141 0.00255679 0.0013706 8.72343e-06
threshold=0.55000000000000016 1.0000000180025095e-35 0.66600000000000004 1.0000000180025095e-35 0.48350000000000004 0.44250000000000006 0.47650000000000003 0.51850000000000007 0.52500000000000013 0.53850000000000009 0.56850000000000012 0.99250000000000005
decision_type=2 2 2 2 2 2 2 2 2 2 2 2
left_child=1 -1 3 5 -5 -3 -7 -8 -9 -10 -11 -6
right_child=-2 2 -4 4 11 6 7 8 9 10 -12 -13
leaf_value=-0.023892829969081913 0.036601293524221361 -0.022640826116676616 0.036458854497476101 -0.016179279269773146 -0.051242991460772894 -0.0029396411540590014 -0.021689430074931057 0.010420638731110272 -0.026635111960410792 -0.0052999685126422051 -0.019686857917681769 -0.053015334132507821
leaf_weight=0.35667512245709054 0.15276352572254848 0.083757353364489973 0.3095539977948647 0.022905659163370728 0.013628061744384468 0.12747983005829155 0.12735812610480934 0.046670883893966675 0.045735518913716078 0.039406602823873982 0.028546965040732175 0.014152887859381735
leaf_count=40 9 25 14 35 31 23 37 7 11 23 24 21
internal_value=-6.40604e-10 -0.00459863 0.0034109 -0.0152014 -0.0358923 -0.0130996 -0.0111748 -0.0148236 -0.00937069 -0.0174953 -0.0113438 -0.0521459
internal_weight=1.36863 1.21587 0.859196 0.549642 0.0506866 0.498955 0.415198 0.287718 0.16036 0.113689 0.0679536 0.0277809
internal_count=300 291 251 237 87 150 125 102 65 58 47 52
is_linear=0
shrinkage=0.05


Tree=93
num_leaves=13
num_cat=0
split_feature=0 2 1 0 1 1 1 1 1 1 1 4
split_gain=0.0836696 0.0709521 0.192923 0.0104711 0.0056497 0.00322715 0.00525834 0.00795975 0.0114479 0.00193738 0.00312754 8.00276e-06
threshold=0.55000000000000016 1.0000000180025095e-35 0.66600000000000004 1.0000000180025095e-35 0.48350000000000004 0.44250000000000006 0.47650000000000003 0.51850000000000007 0.52500000000000013 0.53850000000000009 0.55650000000000011 0.99250000000000005
decision_type=2 2 2 2 2 2 2 2 2 2 2 2
left_child=1 -1 3 5 -5 -3 -7 -8 -9 -10 -11 -6
right_child=-2 2 -4 4 11 6 7 8 9 10 -12 -13
leaf_value=-0.023218018545411556 0.035751839430346981 -0.021403000361242337 0.035706357163546303 -0.017969887035263775 -0.051216369670292965 -0.0019267141323420257 -0.024029911103063874 0.013799341623419614 -0.023843201830536266 0.0021769463258608335 -0.019718453772492733 -0.052949920632311631
leaf_weight=0.35199083243787732 0.14568924508057546 0.080674811499193311 0.29886072575754952 0.022262651938945055 0.013099438161589205 0.12485650321468711 0.11927502602338791 0.04687835497315973 0.043901169905439019 0.028593679657205939 0.037962581700412557 0.013537471299059689
leaf_count=40 9 25 14 35 31 23 37 7 11 15 32 21
internal_value=7.47007e-10 -0.00440705 0.00357135 -0.0145137 -0.0365601 -0.0122777 -0.0104439 -0.0142884 -0.00690352 -0.0156899 -0.0103118 -0.0520974
internal_weight=1.32758 1.18189 0.829902 0.531042 0.0488996 0.482142 0.401467 0.276611 0.157336 0.110457 0.0665563 0.0266369
internal_count=300 291 251 237 87 150 125 102 65 58 47 52
is_linear=0
shrinkage=0.05


Tree=94
num_leaves=13
num_cat=0
split_feature=0 2 1 0 1 1 1 1 1 1 1 4
split_gain=0.0806809 0.0700849 0.175359 0.0101759 0.0055932 0.00267678 0.00740766 0.00601353 0.0093167 0.00093258 0.00525685 7.3019e-06
threshold=0.55000000000000016 1.0000000180025095e-35 0.59650000000000014 1.0000000180025095e-35 0.48350000000000004 0.44250000000000006 0.47650000000000003 0.51850000000000007 0.52500000000000013 0.53850000000000009 0.55650000000000011 0.99250000000000005
decision_type=2 2 2 2 2 2 2 2 2 2 2 2
left_child=1 -1 3 5 -5 -3 -7 -8 -9 -10 -11 -6
right_child=-2 2 -4 4 11 6 7 8 9 10 -12 -13
leaf_value=-0.022954019525820102 0.036229413506472311 -0.020273278946960349 0.034270502057726887 -0.017726419323656074 -0.051189001579271948 8.8728364442260382e-05 -0.023479343225604257 0.010954957083806102 -0.022310674109080122 0.0030268166987121019 -0.02750488963253115 -0.05287924789679202
leaf_weight=0.35085114787216276 0.13730308366939437 0.078036074992269278 0.29760662555054296 0.022163588786497712 0.012592992861755192 0.12114375387318432 0.11390663415659219 0.044337192783132195 0.041856462368741632 0.027794072055257857 0.028610545763513073 0.012971134623512626
leaf_count=40 9 25 20 35 31 23 37 7 11 15 26 21
internal_value=-3.50839e-10 -0.00431855 0.0038439 -0.0141437 -0.0361092 -0.011843 -0.010101 -0.0149135 -0.00807118 -0.0166561 -0.01246 -0.0520466
internal_weight=1.28917 1.15187 0.801019 0.503412 0.0477277 0.455685 0.377649 0.256505 0.142598 0.0982611 0.0564046 0.0255641
internal_count=300 291 251 231 87 144 119 96 59 52 41 52
is_linear=0
shrinkage=0.05


Tree=95
num_leaves=12
num_cat=0
split_feature=0 2 1 0 1 1 1 1 1 1 4
split_gain=0.0734487 0.0691763 0.159646 0.0102594 0.00558202 0.00250952 0.00492827 0.00551744 0.0041328 0.000497059 6.67624e-06
threshold=0.55000000000000016 1.0000000180025095e-35 0.59650000000000014 1.0000000180025095e-35 0.48350000000000004 0.47650000000000003 0.51850000000000007 0.53650000000000009 0.44750000000000006 0.54300000000000015 0.99250000000000005
decision_type=2 2 2 2 2 2 2 2 2 2 2
left_child=1 -1 3 5 -5 8 -7 -8 -3 -9 -6
right_child=-2 2 -4 4 10 6 7 9 -10 -11 -12
leaf_value=-0.022616862024058076 0.035400573375801207 -0.01433247404743793 0.033604872785783967 -0.017284515066411536 -0.051161463734616157 -0.022132816156794428 0.0047438848482067994 -0.011720474995130473 0.00024186599348300299 -0.019424472629427314 -0.052811549628160072
leaf_weight=0.34902558238536563 0.13124056742526602 0.092482854030095041 0.28939964422897901 0.021945773856714368 0.012110909214243293 0.11005653173197061 0.052817129530012608 0.038882194552570581 0.1026082665193826 0.045364810444880277 0.012412712094374001
leaf_count=40 9 29 20 35 31 37 11 10 19 38 21
internal_value=-7.16987e-10 -0.00412205 0.00417421 -0.0132548 -0.0356034 -0.0109063 -0.014253 -0.00792583 -0.00666709 -0.0158689 -0.0519967
internal_weight=1.25835 1.12711 0.778081 0.488681 0.0464694 0.442212 0.247121 0.137064 0.195091 0.084247 0.0245236
internal_count=300 291 251 231 87 144 96 59 48 48 52
is_linear=0
shrinkage=0.05


Tree=96
num_leaves=14
num_cat=0
split_feature=0 2 1 2 1 0 1 1 1 1 1 1 4
split_gain=0.0673049 0.064934 0.146439 0.0165404 0.0571678 0.00984635 0.00646776 0.00340285 0.00385396 0.00574849 0.00297426 9.58451e-05 6.13197e-06
threshold=0.55000000000000016 1.0000000180025095e-35 0.75500000000000012 1.5000000000000002 0.59650000000000014 1.0000000180025095e-35 0.48350000000000004 0.47650000000000003 0.51850000000000007 0.53650000000000009 0.45500000000000007 0.54300000000000015 0.99250000000000005
decision_type=2 2 2 2 2 2 2 2 2 2 2 2 2
left_child=1 -1 3 -3 5 7 -7 10 -9 -10 -5 -11 -8
right_child=-2 2 -4 4 -6 6 12 8 9 11 -12 -13 -14
leaf_value=-0.021921597661170428 0.03464647877743289 -0.036678780717637895 0.040926843701286297 -0.010107759895787249 0.044849899658682864 -0.014383456459322028 -0.051139145926683317 -0.020454839737347526 0.0060945565138085245 -0.013903268503412456 0.0028494863771394954 -0.017387714041003793 -0.052748486481405003
leaf_weight=0.34530542700667843 0.12579319276846956 0.049088366271462291 0.20007195834477898 0.096418974222615361 0.049338205833919346 0.022194578079506755 0.011716488050296903 0.10459893016377464 0.048286045668646693 0.03661050577647984 0.081915771355852485 0.042815170687390491 0.011961806216277182
leaf_count=40 9 25 11 31 7 33 28 31 9 10 12 33 21
internal_value=-4.61084e-10 -0.00396092 0.00425336 -0.00896838 -0.00627937 -0.0118052 -0.0337754 -0.00935089 -0.0133388 -0.00751052 -0.00415602 -0.0157816 -0.0519522
internal_weight=1.22612 1.10032 0.755017 0.554945 0.505856 0.456518 0.0458729 0.410645 0.232311 0.127712 0.178335 0.0794257 0.0236783
internal_count=300 291 251 240 215 208 82 126 83 52 43 43 49
is_linear=0
shrinkage=0.05


Tree=97
num_leaves=13
num_cat=0
split_feature=0 0 1 0 0 1 4 2 1 1 2 1
split_gain=0.0614175 0.071304 0.147434 0.0115173 0.0228721 0.00785875 0.00571619 0.00369424 0.00305505 0.00206125 0.00100636 0.000901885
threshold=0.55000000000000016 0.3665000000000001 0.75500000000000012 0.22500000000000003 1.0000000180025095e-35 0.47650000000000003 0.99250000000000005 8.5000000000000018 0.51850000000000007 0.50550000000000017 5.5000000000000009 0.53850000000000009
decision_type=2 2 2 2 2 2 2 2 2 2 2 2
left_child=1 2 3 4 5 6 -1 10 -9 -6 -7 -10
right_child=-2 -3 -4 -5 9 7 -8 8 11 -11 -12 -13
leaf_value=0.0069074661374730105 0.033861441383178641 -0.023011869480508613 0.046885857744221715 0.010720009020679457 -0.030436737059821459 -0.031590667812212515 -0.0097169014903982168 -0.016415952622806596 0.0001562155818325856 -0.053097363392151944 -0.01674519138105934 -0.0092529483998314635
leaf_weight=0.1321626385906709 0.12043789378367376 0.33311250328551978 0.16273971305054147 0.079479347652522847 0.015988067723810673 0.02703761488373857 0.084940257016569376 0.090103823691606522 0.059906178154051304 0.026952570304274559 0.019758011592784896 0.044301280926447362
leaf_count=36 9 28 9 25 27 40 23 26 13 27 9 28
internal_value=9.60466e-11 -0.00378845 0.00482578 -0.00696287 -0.00976727 -0.00649732 0.000403278 -0.0127109 -0.00967365 -0.0446601 -0.0253226 -0.00384386
internal_weight=1.19692 1.07648 0.74337 0.58063 0.50115 0.45821 0.217103 0.241107 0.194311 0.0429406 0.0467956 0.104207
internal_count=300 291 263 254 229 175 59 116 67 54 49 41
is_linear=0
shrinkage=0.05


Tree=98
num_leaves=14
num_cat=0
split_feature=0 0 1 1 2 2 1 1 1 2 4 1 1
split_gain=0.0555895 0.0722841 0.125365 0.0178353 0.0240157 0.0211676 0.0443625 0.00446115 0.0143733 0.00370401 0.00396997 0.00524627 0.00343476
threshold=0.55000000000000016 0.3665000000000001 0.75500000000000012 0.43950000000000006 9.5000000000000018 1.5000000000000002 0.58850000000000013 0.46150000000000008 0.47650000000000003 8.5000000000000018 0.78700000000000003 0.52050000000000007 0.57550000000000001
decision_type=2 2 2 2 2 2 2 2 2 2 2 2 2
left_child=1 2 3 4 -1 12 7 -7 -9 -10 11 -11 -5
right_child=-2 -3 -4 5 -6 6 -8 8 9 10 -12 -13 -14
leaf_value=0.043076609299307123 0.032737664024960623 -0.022538028123373147 0.045657606827501487 -0.021587754075523605 -0.010151935896713808 -0.02208393819980015 0.039716695471348831 0.014070613280121269 -0.027442199677698176 -0.03195347077385996 -0.0039955393404471542 -0.0084037110179552756 -0.044620831220950979
leaf_weight=0.041337608010507898 0.11686944216489803 0.34189906262326986 0.15237199945840985 0.027437538010417484 0.043479362386278808 0.07092461152933538 0.049204117560293525 0.058627145364880562 0.039903188473545015 0.039935635577421635 0.10448583227116615 0.057990228582639247 0.039468936141929589
leaf_count=19 9 28 9 31 21 27 9 11 24 26 39 34 13
internal_value=1.4479e-09 -0.00358556 0.00535008 -0.00537233 0.0157903 -0.00905068 -0.00489959 -0.0108031 -0.00814444 -0.0135193 -0.0107745 -0.0180077 -0.0351752
internal_weight=1.18393 1.06707 0.725166 0.572794 0.084817 0.487977 0.421071 0.371867 0.300942 0.242315 0.202412 0.0979259 0.0669065
internal_count=300 291 263 254 40 214 170 161 134 123 99 60 44
is_linear=0
shrinkage=0.05


Tree=99
num_leaves=12
num_cat=0
split_feature=0 2 1 0 0 1 1 1 2 1 1
split_gain=0.0493224 0.0758973 0.136592 0.0107804 0.00476325 0.0025446 0.00487126 0.00449579 0.00203111 0.00209073 0.000184152
threshold=0.55000000000000016 1.0000000180025095e-35 0.66600000000000004 1.0000000180025095e-35 0.22500000000000003 0.44250000000000006 0.47650000000000003 0.50200000000000011 12.500000000000002 0.52500000000000013 0.50550000000000017
decision_type=2 2 2 2 2 2 2 2 2 2 2
left_child=1 -1 3 5 10 -3 -7 -8 -9 -10 -5
right_child=-2 2 -4 4 -6 6 7 8 9 -11 -12
leaf_value=-0.023838836114220482 0.031423539598665687 -0.017679478944863238 0.034625892295310809 -0.043333140049978895 -0.0086634909695628426 0.00155945532028956 -0.024793328277373336 -0.01682433251400673 0.001314183572102325 -0.011130082457322173 -0.051549303014983464
leaf_weight=0.3155966704507589 0.11245418060570966 0.066323770210146904 0.25791902467608452 0.013025826308876276 0.01099330373108387 0.11211315263062716 0.047850089380517602 0.044458464079070836 0.072130253189243376 0.063435626623686403 0.014314582105726004
leaf_count=40 9 25 14 23 39 23 21 35 15 31 25
internal_value=-1.92547e-09 -0.00347068 0.00567884 -0.0111121 -0.0364587 -0.00872073 -0.00697309 -0.0111711 -0.00755029 -0.00450889 -0.0476349
internal_weight=1.13061 1.01816 0.702564 0.444645 0.0383337 0.406311 0.339988 0.227874 0.180024 0.135566 0.0273404
internal_count=300 291 251 237 87 150 125 102 81 46 48
is_linear=0
shrinkage=0.05


end of trees

feature_importances:
dense=683
years=185
quality=116
bm25=109
skill_overlap=13
intent_conf=13

parameters:
[boosting: gbdt]
[objective: lambdarank]
[metric: ndcg]
[tree_learner: serial]
[device_type: cpu]
[data_sample_strategy: bagging]
[data: ]
[valid: ]
[num_iterations: 100]
[learning_rate: 0.05]
[num_leaves: 31]
[num_threads: 0]
[seed: 0]
[deterministic: 0]
[force_col_wise: 0]
[force_row_wise: 0]
[histogram_pool_size: -1]
[max_depth: -1]
[min_data_in_leaf: 20]
[min_sum_hessian_in_leaf: 0.001]
[bagging_fraction: 1]
[pos_bagging_fraction: 1]
[neg_bagging_fraction: 1]
[bagging_freq: 0]
[bagging_seed: 3]
[bagging_by_query: 0]
[feature_fraction: 1]
[feature_fraction_bynode: 1]
[feature_fraction_seed: 2]
[extra_trees: 0]
[extra_seed: 6]
[early_stopping_round: 0]
[early_stopping_min_delta: 0]
[first_metric_only: 0]
[max_delta_step: 0]
[lambda_l1: 0]
[lambda_l2: 0]
[linear_lambda: 0]
[min_gain_to_split: 0]
[drop_rate: 0.1]
[max_drop: 50]
[skip_drop: 0.5]
[xgboost_dart_mode: 0]
[uniform_drop: 0]
[drop_seed: 4]
[top_rate: 0.2]
[other_rate: 0.1]
[min_data_per_group: 100]
[max_cat_threshold: 32]
[cat_l2: 10]
[cat_smooth: 10]
[max_cat_to_onehot: 4]
[top_k: 20]
[monotone_constraints: ]
[monotone_constraints_method: basic]
[monotone_penalty: 0]
[feature_contri: ]
[forcedsplits_filename: ]
[refit_decay_rate: 0.9]
[cegb_tradeoff: 1]
[cegb_penalty_split: 0]
[cegb_penalty_feature_lazy: ]
[cegb_penalty_feature_coupled: ]
[path_smooth: 0]
[interaction_constraints: ]
[verbosity: -1]
[saved_feature_importance_type: 0]
[use_quantized_grad: 0]
[num_grad_quant_bins: 4]
[quant_train_renew_leaf: 0]
[stochastic_rounding: 1]
[linear_tree: 0]
[max_bin: 255]
[max_bin_by_feature: ]
[min_data_in_bin: 3]
[bin_construct_sample_cnt: 200000]
[data_random_seed: 1]
[is_enable_sparse: 1]
[enable_bundle: 1]
[use_missing: 1]
[zero_as_missing: 0]
[feature_pre_filter: 1]
[pre_partition: 0]
[two_round: 0]
[header: 0]
[label_column: ]
[weight_column: ]
[group_column: ]
[ignore_column: ]
[categorical_feature: ]
[forcedbins_filename: ]
[precise_float_parser: 0]
[parser_config_file: ]
[objective_seed: 5]
[num_class: 1]
[is_unbalance: 0]
[scale_pos_weight: 1]
[sigmoid: 1]
[boost_from_average: 1]
[reg_sqrt: 0]
[alpha: 0.9]
[fair_c: 1]
[poisson_max_delta_step: 0.7]
[tweedie_variance_power: 1.5]
[lambdarank_truncation_level: 30]
[lambdarank_norm: 1]
[label_gain: ]
[lambdarank_position_bias_regularization: 0]
[eval_at: 5,10]
[multi_error_top_k: 1]
[auc_mu_weights: ]
[num_machines: 1]
[local_listen_port: 12400]
[time_out: 120]
[machine_list_filename: ]
[machines: ]
[gpu_platform_id: -1]
[gpu_device_id: -1]
[gpu_use_dp: 0]
[num_gpu: 1]

end of parameters

pandas_categorical:[]
